model,case_id,sespec_path,baseline_path
gpt-4o,92,/home/yangfp/SESpec/RESULTS/paper_data_final/SESpec/gpt-4o/92/foo8.c,/home/yangfp/SESpec/RESULTS/paper_data_final/SpecGen/gpt-4o/92/final_candidate.java
gpt-4o,93,/home/yangfp/SESpec/RESULTS/paper_data_final/SESpec/gpt-4o/93/foo93.c,/home/yangfp/SESpec/RESULTS/paper_data_final/SpecGen/gpt-4o/93/final_candidate.java
gpt-4o,94,/home/yangfp/SESpec/RESULTS/paper_data_final/SESpec/gpt-4o/94/foo10.c,/home/yangfp/SESpec/RESULTS/paper_data_final/SpecGen/gpt-4o/94/final_candidate.java
gpt-4o,95,/home/yangfp/SESpec/RESULTS/paper_data_final/SESpec/gpt-4o/95/foo12.c,/home/yangfp/SESpec/RESULTS/paper_data_final/SpecGen/gpt-4o/95/final_candidate.java
gpt-4o,98,/home/yangfp/SESpec/RESULTS/paper_data_final/SESpec/gpt-4o/98/foo98.c,/home/yangfp/SESpec/RESULTS/paper_data_final/SpecGen/gpt-4o/98/final_candidate.java
gpt-4o,99,/home/yangfp/SESpec/RESULTS/paper_data_final/SESpec/gpt-4o/99/foo99.c,/home/yangfp/SESpec/RESULTS/paper_data_final/SpecGen/gpt-4o/99/final_candidate.java
gpt-4o,100,/home/yangfp/SESpec/RESULTS/paper_data_final/SESpec/gpt-4o/100/foo18.c,/home/yangfp/SESpec/RESULTS/paper_data_final/SpecGen/gpt-4o/100/final_candidate.java
gpt-4o,103,/home/yangfp/SESpec/RESULTS/paper_data_final/SESpec/gpt-4o/103/foo103.c,/home/yangfp/SESpec/RESULTS/paper_data_final/SpecGen/gpt-4o/103/final_candidate.java
gpt-4o,108,/home/yangfp/SESpec/RESULTS/paper_data_final/SESpec/gpt-4o/108/foo29.c,/home/yangfp/SESpec/RESULTS/paper_data_final/SpecGen/gpt-4o/108/final_candidate.java
gpt-4o,109,/home/yangfp/SESpec/RESULTS/paper_data_final/SESpec/gpt-4o/109/foo30.c,/home/yangfp/SESpec/RESULTS/paper_data_final/SpecGen/gpt-4o/109/final_candidate.java
gpt-4o,110,/home/yangfp/SESpec/RESULTS/paper_data_final/SESpec/gpt-4o/110/foo110.c,/home/yangfp/SESpec/RESULTS/paper_data_final/SpecGen/gpt-4o/110/final_candidate.java
gpt-4o,115,/home/yangfp/SESpec/RESULTS/paper_data_final/SESpec/gpt-4o/115/foo115.c,/home/yangfp/SESpec/RESULTS/paper_data_final/SpecGen/gpt-4o/115/final_candidate.java
gpt-4o,116,/home/yangfp/SESpec/RESULTS/paper_data_final/SESpec/gpt-4o/116/foo116.c,/home/yangfp/SESpec/RESULTS/paper_data_final/SpecGen/gpt-4o/116/final_candidate.java
gpt-4o,117,/home/yangfp/SESpec/RESULTS/paper_data_final/SESpec/gpt-4o/117/foo117.c,/home/yangfp/SESpec/RESULTS/paper_data_final/SpecGen/gpt-4o/117/final_candidate.java
gpt-4o,118,/home/yangfp/SESpec/RESULTS/paper_data_final/SESpec/gpt-4o/118/foo118.c,/home/yangfp/SESpec/RESULTS/paper_data_final/SpecGen/gpt-4o/118/final_candidate.java
gpt-4o,120,/home/yangfp/SESpec/RESULTS/paper_data_final/SESpec/gpt-4o/120/foo43.c,/home/yangfp/SESpec/RESULTS/paper_data_final/SpecGen/gpt-4o/120/final_candidate.java
gpt-4o,128,/home/yangfp/SESpec/RESULTS/paper_data_final/SESpec/gpt-4o/128/foo51.c,/home/yangfp/SESpec/RESULTS/paper_data_final/SpecGen/gpt-4o/128/final_candidate.java
gpt-4o,129,/home/yangfp/SESpec/RESULTS/paper_data_final/SESpec/gpt-4o/129/foo129.c,/home/yangfp/SESpec/RESULTS/paper_data_final/SpecGen/gpt-4o/129/final_candidate.java
gpt-4o,133,/home/yangfp/SESpec/RESULTS/paper_data_final/SESpec/gpt-4o/133/foo133.c,/home/yangfp/SESpec/RESULTS/paper_data_final/SpecGen/gpt-4o/133/final_candidate.java
gpt-4o,134,/home/yangfp/SESpec/RESULTS/paper_data_final/SESpec/gpt-4o/134/foo134.c,/home/yangfp/SESpec/RESULTS/paper_data_final/SpecGen/gpt-4o/134/final_candidate.java
gpt-4o,137,/home/yangfp/SESpec/RESULTS/paper_data_final/SESpec/gpt-4o/137/foo62.c,/home/yangfp/SESpec/RESULTS/paper_data_final/SpecGen/gpt-4o/137/final_candidate.java
gpt-4o,138,/home/yangfp/SESpec/RESULTS/paper_data_final/SESpec/gpt-4o/138/foo63.c,/home/yangfp/SESpec/RESULTS/paper_data_final/SpecGen/gpt-4o/138/final_candidate.java
gpt-4o,139,/home/yangfp/SESpec/RESULTS/paper_data_final/SESpec/gpt-4o/139/foo139.c,/home/yangfp/SESpec/RESULTS/paper_data_final/SpecGen/gpt-4o/139/final_candidate.java
gpt-4o,140,/home/yangfp/SESpec/RESULTS/paper_data_final/SESpec/gpt-4o/140/foo65.c,/home/yangfp/SESpec/RESULTS/paper_data_final/SpecGen/gpt-4o/140/final_candidate.java
gpt-4o,141,/home/yangfp/SESpec/RESULTS/paper_data_final/SESpec/gpt-4o/141/foo66.c,/home/yangfp/SESpec/RESULTS/paper_data_final/SpecGen/gpt-4o/141/final_candidate.java
gpt-4o,142,/home/yangfp/SESpec/RESULTS/paper_data_final/SESpec/gpt-4o/142/foo142.c,/home/yangfp/SESpec/RESULTS/paper_data_final/SpecGen/gpt-4o/142/final_candidate.java
gpt-4o,143,/home/yangfp/SESpec/RESULTS/paper_data_final/SESpec/gpt-4o/143/foo143.c,/home/yangfp/SESpec/RESULTS/paper_data_final/SpecGen/gpt-4o/143/final_candidate.java
gpt-4o,144,/home/yangfp/SESpec/RESULTS/paper_data_final/SESpec/gpt-4o/144/foo144.c,/home/yangfp/SESpec/RESULTS/paper_data_final/SpecGen/gpt-4o/144/final_candidate.java
gpt-4o,145,/home/yangfp/SESpec/RESULTS/paper_data_final/SESpec/gpt-4o/145/foo145.c,/home/yangfp/SESpec/RESULTS/paper_data_final/SpecGen/gpt-4o/145/final_candidate.java
gpt-4o,305,/home/yangfp/SESpec/RESULTS/paper_data_final/SESpec/gpt-4o/305/foo208.c,/home/yangfp/SESpec/RESULTS/paper_data_final/SpecGen/gpt-4o/305/final_candidate.java
gpt-4o,307,/home/yangfp/SESpec/RESULTS/paper_data_final/SESpec/gpt-4o/307/foo307.c,/home/yangfp/SESpec/RESULTS/paper_data_final/SpecGen/gpt-4o/307/final_candidate.java
gpt-4o,364,/home/yangfp/SESpec/RESULTS/paper_data_final/SESpec/gpt-4o/364/foo256.c,/home/yangfp/SESpec/RESULTS/paper_data_final/SpecGen/gpt-4o/364/final_candidate.java
gpt-4o,367,/home/yangfp/SESpec/RESULTS/paper_data_final/SESpec/gpt-4o/367/foo268.c,/home/yangfp/SESpec/RESULTS/paper_data_final/SpecGen/gpt-4o/367/final_candidate.java
gpt-4o,368,/home/yangfp/SESpec/RESULTS/paper_data_final/SESpec/gpt-4o/368/foo270.c,/home/yangfp/SESpec/RESULTS/paper_data_final/SpecGen/gpt-4o/368/final_candidate.java
gpt-4o,382,/home/yangfp/SESpec/RESULTS/paper_data_final/SESpec/gpt-4o/382/foo382.c,/home/yangfp/SESpec/RESULTS/paper_data_final/SpecGen/gpt-4o/382/final_candidate.java
gpt-4o,385,/home/yangfp/SESpec/RESULTS/paper_data_final/SESpec/gpt-4o/385/foo385.c,/home/yangfp/SESpec/RESULTS/paper_data_final/SpecGen/gpt-4o/385/final_candidate.java
gpt-4o,386,/home/yangfp/SESpec/RESULTS/paper_data_final/SESpec/gpt-4o/386/foo386.c,/home/yangfp/SESpec/RESULTS/paper_data_final/SpecGen/gpt-4o/386/final_candidate.java
gpt-4o,398,/home/yangfp/SESpec/RESULTS/paper_data_final/SESpec/gpt-4o/398/foo398.c,/home/yangfp/SESpec/RESULTS/paper_data_final/SpecGen/gpt-4o/398/final_candidate.java
gpt-4o,399,/home/yangfp/SESpec/RESULTS/paper_data_final/SESpec/gpt-4o/399/foo325.c,/home/yangfp/SESpec/RESULTS/paper_data_final/SpecGen/gpt-4o/399/final_candidate.java
gpt-5-mini,11,/home/yangfp/SESpec/RESULTS/paper_data_final/SESpec/gpt-5-mini/11/foo41.c,/home/yangfp/SESpec/RESULTS/paper_data_final/SpecGen/gpt-5-mini/11/final_candidate.java
gpt-5-mini,12,/home/yangfp/SESpec/RESULTS/paper_data_final/SESpec/gpt-5-mini/12/foo41.c,/home/yangfp/SESpec/RESULTS/paper_data_final/SpecGen/gpt-5-mini/12/final_candidate.java
gpt-5-mini,35,/home/yangfp/SESpec/RESULTS/paper_data_final/SESpec/gpt-5-mini/35/foo35.c,/home/yangfp/SESpec/RESULTS/paper_data_final/SpecGen/gpt-5-mini/35/final_candidate.java
gpt-5-mini,79,/home/yangfp/SESpec/RESULTS/paper_data_final/SESpec/gpt-5-mini/79/foo79.c,/home/yangfp/SESpec/RESULTS/paper_data_final/SpecGen/gpt-5-mini/79/final_candidate.java
gpt-5-mini,80,/home/yangfp/SESpec/RESULTS/paper_data_final/SESpec/gpt-5-mini/80/foo79.c,/home/yangfp/SESpec/RESULTS/paper_data_final/SpecGen/gpt-5-mini/80/final_candidate.java
gpt-5-mini,81,/home/yangfp/SESpec/RESULTS/paper_data_final/SESpec/gpt-5-mini/81/foo79.c,/home/yangfp/SESpec/RESULTS/paper_data_final/SpecGen/gpt-5-mini/81/final_candidate.java
gpt-5-mini,91,/home/yangfp/SESpec/RESULTS/paper_data_final/SESpec/gpt-5-mini/91/foo91.c,/home/yangfp/SESpec/RESULTS/paper_data_final/SpecGen/gpt-5-mini/91/final_candidate.java
gpt-5-mini,92,/home/yangfp/SESpec/RESULTS/paper_data_final/SESpec/gpt-5-mini/92/foo92.c,/home/yangfp/SESpec/RESULTS/paper_data_final/SpecGen/gpt-5-mini/92/final_candidate.java
gpt-5-mini,93,/home/yangfp/SESpec/RESULTS/paper_data_final/SESpec/gpt-5-mini/93/foo93.c,/home/yangfp/SESpec/RESULTS/paper_data_final/SpecGen/gpt-5-mini/93/final_candidate.java
gpt-5-mini,94,/home/yangfp/SESpec/RESULTS/paper_data_final/SESpec/gpt-5-mini/94/foo10.c,/home/yangfp/SESpec/RESULTS/paper_data_final/SpecGen/gpt-5-mini/94/final_candidate.java
gpt-5-mini,95,/home/yangfp/SESpec/RESULTS/paper_data_final/SESpec/gpt-5-mini/95/foo12.c,/home/yangfp/SESpec/RESULTS/paper_data_final/SpecGen/gpt-5-mini/95/final_candidate.java
gpt-5-mini,100,/home/yangfp/SESpec/RESULTS/paper_data_final/SESpec/gpt-5-mini/100/foo18.c,/home/yangfp/SESpec/RESULTS/paper_data_final/SpecGen/gpt-5-mini/100/final_candidate.java
gpt-5-mini,101,/home/yangfp/SESpec/RESULTS/paper_data_final/SESpec/gpt-5-mini/101/foo101.c,/home/yangfp/SESpec/RESULTS/paper_data_final/SpecGen/gpt-5-mini/101/final_candidate.java
gpt-5-mini,103,/home/yangfp/SESpec/RESULTS/paper_data_final/SESpec/gpt-5-mini/103/foo23_c103.c,/home/yangfp/SESpec/RESULTS/paper_data_final/SpecGen/gpt-5-mini/103/final_candidate.java
gpt-5-mini,104,/home/yangfp/SESpec/RESULTS/paper_data_final/SESpec/gpt-5-mini/104/foo104.c,/home/yangfp/SESpec/RESULTS/paper_data_final/SpecGen/gpt-5-mini/104/final_candidate.java
gpt-5-mini,108,/home/yangfp/SESpec/RESULTS/paper_data_final/SESpec/gpt-5-mini/108/foo29.c,/home/yangfp/SESpec/RESULTS/paper_data_final/SpecGen/gpt-5-mini/108/final_candidate.java
gpt-5-mini,109,/home/yangfp/SESpec/RESULTS/paper_data_final/SESpec/gpt-5-mini/109/foo30.c,/home/yangfp/SESpec/RESULTS/paper_data_final/SpecGen/gpt-5-mini/109/final_candidate.java
gpt-5-mini,111,/home/yangfp/SESpec/RESULTS/paper_data_final/SESpec/gpt-5-mini/111/foo111.c,/home/yangfp/SESpec/RESULTS/paper_data_final/SpecGen/gpt-5-mini/111/final_candidate.java
gpt-5-mini,115,/home/yangfp/SESpec/RESULTS/paper_data_final/SESpec/gpt-5-mini/115/foo38_c115.c,/home/yangfp/SESpec/RESULTS/paper_data_final/SpecGen/gpt-5-mini/115/final_candidate.java
gpt-5-mini,116,/home/yangfp/SESpec/RESULTS/paper_data_final/SESpec/gpt-5-mini/116/foo116.c,/home/yangfp/SESpec/RESULTS/paper_data_final/SpecGen/gpt-5-mini/116/final_candidate.java
gpt-5-mini,118,/home/yangfp/SESpec/RESULTS/paper_data_final/SESpec/gpt-5-mini/118/foo118.c,/home/yangfp/SESpec/RESULTS/paper_data_final/SpecGen/gpt-5-mini/118/final_candidate.java
gpt-5-mini,119,/home/yangfp/SESpec/RESULTS/paper_data_final/SESpec/gpt-5-mini/119/foo119.c,/home/yangfp/SESpec/RESULTS/paper_data_final/SpecGen/gpt-5-mini/119/final_candidate.java
gpt-5-mini,128,/home/yangfp/SESpec/RESULTS/paper_data_final/SESpec/gpt-5-mini/128/foo51.c,/home/yangfp/SESpec/RESULTS/paper_data_final/SpecGen/gpt-5-mini/128/final_candidate.java
gpt-5-mini,129,/home/yangfp/SESpec/RESULTS/paper_data_final/SESpec/gpt-5-mini/129/foo52_c129.c,/home/yangfp/SESpec/RESULTS/paper_data_final/SpecGen/gpt-5-mini/129/final_candidate.java
gpt-5-mini,134,/home/yangfp/SESpec/RESULTS/paper_data_final/SESpec/gpt-5-mini/134/foo134.c,/home/yangfp/SESpec/RESULTS/paper_data_final/SpecGen/gpt-5-mini/134/final_candidate.java
gpt-5-mini,137,/home/yangfp/SESpec/RESULTS/paper_data_final/SESpec/gpt-5-mini/137/foo62.c,/home/yangfp/SESpec/RESULTS/paper_data_final/SpecGen/gpt-5-mini/137/final_candidate.java
gpt-5-mini,138,/home/yangfp/SESpec/RESULTS/paper_data_final/SESpec/gpt-5-mini/138/foo63.c,/home/yangfp/SESpec/RESULTS/paper_data_final/SpecGen/gpt-5-mini/138/final_candidate.java
gpt-5-mini,139,/home/yangfp/SESpec/RESULTS/paper_data_final/SESpec/gpt-5-mini/139/foo64_c139.c,/home/yangfp/SESpec/RESULTS/paper_data_final/SpecGen/gpt-5-mini/139/final_candidate.java
gpt-5-mini,140,/home/yangfp/SESpec/RESULTS/paper_data_final/SESpec/gpt-5-mini/140/foo65.c,/home/yangfp/SESpec/RESULTS/paper_data_final/SpecGen/gpt-5-mini/140/final_candidate.java
gpt-5-mini,141,/home/yangfp/SESpec/RESULTS/paper_data_final/SESpec/gpt-5-mini/141/foo66.c,/home/yangfp/SESpec/RESULTS/paper_data_final/SpecGen/gpt-5-mini/141/final_candidate.java
gpt-5-mini,142,/home/yangfp/SESpec/RESULTS/paper_data_final/SESpec/gpt-5-mini/142/foo67_c142.c,/home/yangfp/SESpec/RESULTS/paper_data_final/SpecGen/gpt-5-mini/142/final_candidate.java
gpt-5-mini,143,/home/yangfp/SESpec/RESULTS/paper_data_final/SESpec/gpt-5-mini/143/foo68_c143.c,/home/yangfp/SESpec/RESULTS/paper_data_final/SpecGen/gpt-5-mini/143/final_candidate.java
gpt-5-mini,144,/home/yangfp/SESpec/RESULTS/paper_data_final/SESpec/gpt-5-mini/144/foo69_c144.c,/home/yangfp/SESpec/RESULTS/paper_data_final/SpecGen/gpt-5-mini/144/final_candidate.java
gpt-5-mini,145,/home/yangfp/SESpec/RESULTS/paper_data_final/SESpec/gpt-5-mini/145/foo70.c,/home/yangfp/SESpec/RESULTS/paper_data_final/SpecGen/gpt-5-mini/145/final_candidate.java
gpt-5-mini,147,/home/yangfp/SESpec/RESULTS/paper_data_final/SESpec/gpt-5-mini/147/foo147.c,/home/yangfp/SESpec/RESULTS/paper_data_final/SpecGen/gpt-5-mini/147/final_candidate.java
gpt-5-mini,181,/home/yangfp/SESpec/RESULTS/paper_data_final/SESpec/gpt-5-mini/181/foo181.c,/home/yangfp/SESpec/RESULTS/paper_data_final/SpecGen/gpt-5-mini/181/final_candidate.java
gpt-5-mini,205,/home/yangfp/SESpec/RESULTS/paper_data_final/SESpec/gpt-5-mini/205/foo207.c,/home/yangfp/SESpec/RESULTS/paper_data_final/SpecGen/gpt-5-mini/205/final_candidate.java
gpt-5-mini,234,/home/yangfp/SESpec/RESULTS/paper_data_final/SESpec/gpt-5-mini/234/foo93.c,/home/yangfp/SESpec/RESULTS/paper_data_final/SpecGen/gpt-5-mini/234/final_candidate.java
gpt-5-mini,242,/home/yangfp/SESpec/RESULTS/paper_data_final/SESpec/gpt-5-mini/242/foo242.c,/home/yangfp/SESpec/RESULTS/paper_data_final/SpecGen/gpt-5-mini/242/final_candidate.java
gpt-5-mini,272,/home/yangfp/SESpec/RESULTS/paper_data_final/SESpec/gpt-5-mini/272/foo272.c,/home/yangfp/SESpec/RESULTS/paper_data_final/SpecGen/gpt-5-mini/272/final_candidate.java
gpt-5-mini,279,/home/yangfp/SESpec/RESULTS/paper_data_final/SESpec/gpt-5-mini/279/foo279.c,/home/yangfp/SESpec/RESULTS/paper_data_final/SpecGen/gpt-5-mini/279/final_candidate.java
gpt-5-mini,280,/home/yangfp/SESpec/RESULTS/paper_data_final/SESpec/gpt-5-mini/280/foo280.c,/home/yangfp/SESpec/RESULTS/paper_data_final/SpecGen/gpt-5-mini/280/final_candidate.java
gpt-5-mini,298,/home/yangfp/SESpec/RESULTS/paper_data_final/SESpec/gpt-5-mini/298/foo197.c,/home/yangfp/SESpec/RESULTS/paper_data_final/SpecGen/gpt-5-mini/298/final_candidate.java
gpt-5-mini,300,/home/yangfp/SESpec/RESULTS/paper_data_final/SESpec/gpt-5-mini/300/foo300.c,/home/yangfp/SESpec/RESULTS/paper_data_final/SpecGen/gpt-5-mini/300/final_candidate.java
gpt-5-mini,303,/home/yangfp/SESpec/RESULTS/paper_data_final/SESpec/gpt-5-mini/303/foo303.c,/home/yangfp/SESpec/RESULTS/paper_data_final/SpecGen/gpt-5-mini/303/final_candidate.java
gpt-5-mini,305,/home/yangfp/SESpec/RESULTS/paper_data_final/SESpec/gpt-5-mini/305/foo305.c,/home/yangfp/SESpec/RESULTS/paper_data_final/SpecGen/gpt-5-mini/305/final_candidate.java
gpt-5-mini,307,/home/yangfp/SESpec/RESULTS/paper_data_final/SESpec/gpt-5-mini/307/foo210.c,/home/yangfp/SESpec/RESULTS/paper_data_final/SpecGen/gpt-5-mini/307/final_candidate.java
gpt-5-mini,309,/home/yangfp/SESpec/RESULTS/paper_data_final/SESpec/gpt-5-mini/309/foo309.c,/home/yangfp/SESpec/RESULTS/paper_data_final/SpecGen/gpt-5-mini/309/final_candidate.java
gpt-5-mini,316,/home/yangfp/SESpec/RESULTS/paper_data_final/SESpec/gpt-5-mini/316/foo316.c,/home/yangfp/SESpec/RESULTS/paper_data_final/SpecGen/gpt-5-mini/316/final_candidate.java
gpt-5-mini,341,/home/yangfp/SESpec/RESULTS/paper_data_final/SESpec/gpt-5-mini/341/foo341.c,/home/yangfp/SESpec/RESULTS/paper_data_final/SpecGen/gpt-5-mini/341/final_candidate.java
gpt-5-mini,358,/home/yangfp/SESpec/RESULTS/paper_data_final/SESpec/gpt-5-mini/358/foo358.c,/home/yangfp/SESpec/RESULTS/paper_data_final/SpecGen/gpt-5-mini/358/final_candidate.java
gpt-5-mini,364,/home/yangfp/SESpec/RESULTS/paper_data_final/SESpec/gpt-5-mini/364/foo256.c,/home/yangfp/SESpec/RESULTS/paper_data_final/SpecGen/gpt-5-mini/364/final_candidate.java
gpt-5-mini,370,/home/yangfp/SESpec/RESULTS/paper_data_final/SESpec/gpt-5-mini/370/foo370.c,/home/yangfp/SESpec/RESULTS/paper_data_final/SpecGen/gpt-5-mini/370/final_candidate.java
gpt-5-mini,380,/home/yangfp/SESpec/RESULTS/paper_data_final/SESpec/gpt-5-mini/380/foo380.c,/home/yangfp/SESpec/RESULTS/paper_data_final/SpecGen/gpt-5-mini/380/final_candidate.java
gpt-5-mini,386,/home/yangfp/SESpec/RESULTS/paper_data_final/SESpec/gpt-5-mini/386/foo302.c,/home/yangfp/SESpec/RESULTS/paper_data_final/SpecGen/gpt-5-mini/386/final_candidate.java
gpt-5-mini,387,/home/yangfp/SESpec/RESULTS/paper_data_final/SESpec/gpt-5-mini/387/foo387.c,/home/yangfp/SESpec/RESULTS/paper_data_final/SpecGen/gpt-5-mini/387/final_candidate.java
gpt-5-mini,388,/home/yangfp/SESpec/RESULTS/paper_data_final/SESpec/gpt-5-mini/388/foo388.c,/home/yangfp/SESpec/RESULTS/paper_data_final/SpecGen/gpt-5-mini/388/final_candidate.java
gpt-5-mini,389,/home/yangfp/SESpec/RESULTS/paper_data_final/SESpec/gpt-5-mini/389/foo389.c,/home/yangfp/SESpec/RESULTS/paper_data_final/SpecGen/gpt-5-mini/389/final_candidate.java
gpt-5-mini,392,/home/yangfp/SESpec/RESULTS/paper_data_final/SESpec/gpt-5-mini/392/foo392.c,/home/yangfp/SESpec/RESULTS/paper_data_final/SpecGen/gpt-5-mini/392/final_candidate.java
gpt-5.4-mini,79,/home/yangfp/SESpec/RESULTS/paper_data_final/SESpec/gpt-5.4-mini/79/foo79.c,/home/yangfp/SESpec/RESULTS/paper_data_final/SpecGen/gpt-5.4-mini/79/final_candidate.java
gpt-5.4-mini,80,/home/yangfp/SESpec/RESULTS/paper_data_final/SESpec/gpt-5.4-mini/80/foo79.c,/home/yangfp/SESpec/RESULTS/paper_data_final/SpecGen/gpt-5.4-mini/80/final_candidate.java
gpt-5.4-mini,81,/home/yangfp/SESpec/RESULTS/paper_data_final/SESpec/gpt-5.4-mini/81/foo79.c,/home/yangfp/SESpec/RESULTS/paper_data_final/SpecGen/gpt-5.4-mini/81/final_candidate.java
gpt-5.4-mini,93,/home/yangfp/SESpec/RESULTS/paper_data_final/SESpec/gpt-5.4-mini/93/foo93.c,/home/yangfp/SESpec/RESULTS/paper_data_final/SpecGen/gpt-5.4-mini/93/final_candidate.java
gpt-5.4-mini,94,/home/yangfp/SESpec/RESULTS/paper_data_final/SESpec/gpt-5.4-mini/94/foo10.c,/home/yangfp/SESpec/RESULTS/paper_data_final/SpecGen/gpt-5.4-mini/94/final_candidate.java
gpt-5.4-mini,95,/home/yangfp/SESpec/RESULTS/paper_data_final/SESpec/gpt-5.4-mini/95/foo95.c,/home/yangfp/SESpec/RESULTS/paper_data_final/SpecGen/gpt-5.4-mini/95/final_candidate.java
gpt-5.4-mini,100,/home/yangfp/SESpec/RESULTS/paper_data_final/SESpec/gpt-5.4-mini/100/foo100.c,/home/yangfp/SESpec/RESULTS/paper_data_final/SpecGen/gpt-5.4-mini/100/final_candidate.java
gpt-5.4-mini,103,/home/yangfp/SESpec/RESULTS/paper_data_final/SESpec/gpt-5.4-mini/103/foo103.c,/home/yangfp/SESpec/RESULTS/paper_data_final/SpecGen/gpt-5.4-mini/103/final_candidate.java
gpt-5.4-mini,105,/home/yangfp/SESpec/RESULTS/paper_data_final/SESpec/gpt-5.4-mini/105/foo105.c,/home/yangfp/SESpec/RESULTS/paper_data_final/SpecGen/gpt-5.4-mini/105/final_candidate.java
gpt-5.4-mini,108,/home/yangfp/SESpec/RESULTS/paper_data_final/SESpec/gpt-5.4-mini/108/foo29.c,/home/yangfp/SESpec/RESULTS/paper_data_final/SpecGen/gpt-5.4-mini/108/final_candidate.java
gpt-5.4-mini,109,/home/yangfp/SESpec/RESULTS/paper_data_final/SESpec/gpt-5.4-mini/109/foo30.c,/home/yangfp/SESpec/RESULTS/paper_data_final/SpecGen/gpt-5.4-mini/109/final_candidate.java
gpt-5.4-mini,111,/home/yangfp/SESpec/RESULTS/paper_data_final/SESpec/gpt-5.4-mini/111/foo111.c,/home/yangfp/SESpec/RESULTS/paper_data_final/SpecGen/gpt-5.4-mini/111/final_candidate.java
gpt-5.4-mini,113,/home/yangfp/SESpec/RESULTS/paper_data_final/SESpec/gpt-5.4-mini/113/foo113.c,/home/yangfp/SESpec/RESULTS/paper_data_final/SpecGen/gpt-5.4-mini/113/final_candidate.java
gpt-5.4-mini,115,/home/yangfp/SESpec/RESULTS/paper_data_final/SESpec/gpt-5.4-mini/115/foo115.c,/home/yangfp/SESpec/RESULTS/paper_data_final/SpecGen/gpt-5.4-mini/115/final_candidate.java
gpt-5.4-mini,116,/home/yangfp/SESpec/RESULTS/paper_data_final/SESpec/gpt-5.4-mini/116/foo116.c,/home/yangfp/SESpec/RESULTS/paper_data_final/SpecGen/gpt-5.4-mini/116/final_candidate.java
gpt-5.4-mini,117,/home/yangfp/SESpec/RESULTS/paper_data_final/SESpec/gpt-5.4-mini/117/foo117.c,/home/yangfp/SESpec/RESULTS/paper_data_final/SpecGen/gpt-5.4-mini/117/final_candidate.java
gpt-5.4-mini,118,/home/yangfp/SESpec/RESULTS/paper_data_final/SESpec/gpt-5.4-mini/118/foo118.c,/home/yangfp/SESpec/RESULTS/paper_data_final/SpecGen/gpt-5.4-mini/118/final_candidate.java
gpt-5.4-mini,119,/home/yangfp/SESpec/RESULTS/paper_data_final/SESpec/gpt-5.4-mini/119/foo119.c,/home/yangfp/SESpec/RESULTS/paper_data_final/SpecGen/gpt-5.4-mini/119/final_candidate.java
gpt-5.4-mini,128,/home/yangfp/SESpec/RESULTS/paper_data_final/SESpec/gpt-5.4-mini/128/foo51.c,/home/yangfp/SESpec/RESULTS/paper_data_final/SpecGen/gpt-5.4-mini/128/final_candidate.java
gpt-5.4-mini,129,/home/yangfp/SESpec/RESULTS/paper_data_final/SESpec/gpt-5.4-mini/129/foo129.c,/home/yangfp/SESpec/RESULTS/paper_data_final/SpecGen/gpt-5.4-mini/129/final_candidate.java
gpt-5.4-mini,133,/home/yangfp/SESpec/RESULTS/paper_data_final/SESpec/gpt-5.4-mini/133/foo133.c,/home/yangfp/SESpec/RESULTS/paper_data_final/SpecGen/gpt-5.4-mini/133/final_candidate.java
gpt-5.4-mini,134,/home/yangfp/SESpec/RESULTS/paper_data_final/SESpec/gpt-5.4-mini/134/foo134.c,/home/yangfp/SESpec/RESULTS/paper_data_final/SpecGen/gpt-5.4-mini/134/final_candidate.java
gpt-5.4-mini,136,/home/yangfp/SESpec/RESULTS/paper_data_final/SESpec/gpt-5.4-mini/136/foo136.c,/home/yangfp/SESpec/RESULTS/paper_data_final/SpecGen/gpt-5.4-mini/136/final_candidate.java
gpt-5.4-mini,137,/home/yangfp/SESpec/RESULTS/paper_data_final/SESpec/gpt-5.4-mini/137/foo62.c,/home/yangfp/SESpec/RESULTS/paper_data_final/SpecGen/gpt-5.4-mini/137/final_candidate.java
gpt-5.4-mini,138,/home/yangfp/SESpec/RESULTS/paper_data_final/SESpec/gpt-5.4-mini/138/foo63.c,/home/yangfp/SESpec/RESULTS/paper_data_final/SpecGen/gpt-5.4-mini/138/final_candidate.java
gpt-5.4-mini,139,/home/yangfp/SESpec/RESULTS/paper_data_final/SESpec/gpt-5.4-mini/139/foo139.c,/home/yangfp/SESpec/RESULTS/paper_data_final/SpecGen/gpt-5.4-mini/139/final_candidate.java
gpt-5.4-mini,140,/home/yangfp/SESpec/RESULTS/paper_data_final/SESpec/gpt-5.4-mini/140/foo65.c,/home/yangfp/SESpec/RESULTS/paper_data_final/SpecGen/gpt-5.4-mini/140/final_candidate.java
gpt-5.4-mini,141,/home/yangfp/SESpec/RESULTS/paper_data_final/SESpec/gpt-5.4-mini/141/foo66.c,/home/yangfp/SESpec/RESULTS/paper_data_final/SpecGen/gpt-5.4-mini/141/final_candidate.java
gpt-5.4-mini,142,/home/yangfp/SESpec/RESULTS/paper_data_final/SESpec/gpt-5.4-mini/142/foo142.c,/home/yangfp/SESpec/RESULTS/paper_data_final/SpecGen/gpt-5.4-mini/142/final_candidate.java
gpt-5.4-mini,143,/home/yangfp/SESpec/RESULTS/paper_data_final/SESpec/gpt-5.4-mini/143/foo143.c,/home/yangfp/SESpec/RESULTS/paper_data_final/SpecGen/gpt-5.4-mini/143/final_candidate.java
gpt-5.4-mini,144,/home/yangfp/SESpec/RESULTS/paper_data_final/SESpec/gpt-5.4-mini/144/foo144.c,/home/yangfp/SESpec/RESULTS/paper_data_final/SpecGen/gpt-5.4-mini/144/final_candidate.java
gpt-5.4-mini,145,/home/yangfp/SESpec/RESULTS/paper_data_final/SESpec/gpt-5.4-mini/145/foo145.c,/home/yangfp/SESpec/RESULTS/paper_data_final/SpecGen/gpt-5.4-mini/145/final_candidate.java
gpt-5.4-mini,148,/home/yangfp/SESpec/RESULTS/paper_data_final/SESpec/gpt-5.4-mini/148/foo148.c,/home/yangfp/SESpec/RESULTS/paper_data_final/SpecGen/gpt-5.4-mini/148/final_candidate.java
gpt-5.4-mini,295,/home/yangfp/SESpec/RESULTS/paper_data_final/SESpec/gpt-5.4-mini/295/foo295.c,/home/yangfp/SESpec/RESULTS/paper_data_final/SpecGen/gpt-5.4-mini/295/final_candidate.java
gpt-5.4-mini,298,/home/yangfp/SESpec/RESULTS/paper_data_final/SESpec/gpt-5.4-mini/298/foo197.c,/home/yangfp/SESpec/RESULTS/paper_data_final/SpecGen/gpt-5.4-mini/298/final_candidate.java
gpt-5.4-mini,299,/home/yangfp/SESpec/RESULTS/paper_data_final/SESpec/gpt-5.4-mini/299/foo201.c,/home/yangfp/SESpec/RESULTS/paper_data_final/SpecGen/gpt-5.4-mini/299/final_candidate.java
gpt-5.4-mini,300,/home/yangfp/SESpec/RESULTS/paper_data_final/SESpec/gpt-5.4-mini/300/foo300.c,/home/yangfp/SESpec/RESULTS/paper_data_final/SpecGen/gpt-5.4-mini/300/final_candidate.java
gpt-5.4-mini,301,/home/yangfp/SESpec/RESULTS/paper_data_final/SESpec/gpt-5.4-mini/301/foo301.c,/home/yangfp/SESpec/RESULTS/paper_data_final/SpecGen/gpt-5.4-mini/301/final_candidate.java
gpt-5.4-mini,305,/home/yangfp/SESpec/RESULTS/paper_data_final/SESpec/gpt-5.4-mini/305/foo305.c,/home/yangfp/SESpec/RESULTS/paper_data_final/SpecGen/gpt-5.4-mini/305/final_candidate.java
gpt-5.4-mini,307,/home/yangfp/SESpec/RESULTS/paper_data_final/SESpec/gpt-5.4-mini/307/foo307.c,/home/yangfp/SESpec/RESULTS/paper_data_final/SpecGen/gpt-5.4-mini/307/final_candidate.java
gpt-5.4-mini,308,/home/yangfp/SESpec/RESULTS/paper_data_final/SESpec/gpt-5.4-mini/308/foo308.c,/home/yangfp/SESpec/RESULTS/paper_data_final/SpecGen/gpt-5.4-mini/308/final_candidate.java
gpt-5.4-mini,339,/home/yangfp/SESpec/RESULTS/paper_data_final/SESpec/gpt-5.4-mini/339/foo339.c,/home/yangfp/SESpec/RESULTS/paper_data_final/SpecGen/gpt-5.4-mini/339/final_candidate.java
gpt-5.4-mini,340,/home/yangfp/SESpec/RESULTS/paper_data_final/SESpec/gpt-5.4-mini/340/foo340.c,/home/yangfp/SESpec/RESULTS/paper_data_final/SpecGen/gpt-5.4-mini/340/final_candidate.java
gpt-5.4-mini,341,/home/yangfp/SESpec/RESULTS/paper_data_final/SESpec/gpt-5.4-mini/341/foo341.c,/home/yangfp/SESpec/RESULTS/paper_data_final/SpecGen/gpt-5.4-mini/341/final_candidate.java
gpt-5.4-mini,342,/home/yangfp/SESpec/RESULTS/paper_data_final/SESpec/gpt-5.4-mini/342/foo342.c,/home/yangfp/SESpec/RESULTS/paper_data_final/SpecGen/gpt-5.4-mini/342/final_candidate.java
gpt-5.4-mini,343,/home/yangfp/SESpec/RESULTS/paper_data_final/SESpec/gpt-5.4-mini/343/foo343.c,/home/yangfp/SESpec/RESULTS/paper_data_final/SpecGen/gpt-5.4-mini/343/final_candidate.java
gpt-5.4-mini,344,/home/yangfp/SESpec/RESULTS/paper_data_final/SESpec/gpt-5.4-mini/344/foo344.c,/home/yangfp/SESpec/RESULTS/paper_data_final/SpecGen/gpt-5.4-mini/344/final_candidate.java
gpt-5.4-mini,348,/home/yangfp/SESpec/RESULTS/paper_data_final/SESpec/gpt-5.4-mini/348/foo348.c,/home/yangfp/SESpec/RESULTS/paper_data_final/SpecGen/gpt-5.4-mini/348/final_candidate.java
gpt-5.4-mini,364,/home/yangfp/SESpec/RESULTS/paper_data_final/SESpec/gpt-5.4-mini/364/foo256.c,/home/yangfp/SESpec/RESULTS/paper_data_final/SpecGen/gpt-5.4-mini/364/final_candidate.java
gpt-5.4-mini,367,/home/yangfp/SESpec/RESULTS/paper_data_final/SESpec/gpt-5.4-mini/367/foo367.c,/home/yangfp/SESpec/RESULTS/paper_data_final/SpecGen/gpt-5.4-mini/367/final_candidate.java
gpt-5.4-mini,368,/home/yangfp/SESpec/RESULTS/paper_data_final/SESpec/gpt-5.4-mini/368/foo368.c,/home/yangfp/SESpec/RESULTS/paper_data_final/SpecGen/gpt-5.4-mini/368/final_candidate.java
gpt-5.4-mini,369,/home/yangfp/SESpec/RESULTS/paper_data_final/SESpec/gpt-5.4-mini/369/foo369.c,/home/yangfp/SESpec/RESULTS/paper_data_final/SpecGen/gpt-5.4-mini/369/final_candidate.java
gpt-5.4-mini,370,/home/yangfp/SESpec/RESULTS/paper_data_final/SESpec/gpt-5.4-mini/370/foo276.c,/home/yangfp/SESpec/RESULTS/paper_data_final/SpecGen/gpt-5.4-mini/370/final_candidate.java
gpt-5.4-mini,371,/home/yangfp/SESpec/RESULTS/paper_data_final/SESpec/gpt-5.4-mini/371/foo371.c,/home/yangfp/SESpec/RESULTS/paper_data_final/SpecGen/gpt-5.4-mini/371/final_candidate.java
gpt-5.4-mini,373,/home/yangfp/SESpec/RESULTS/paper_data_final/SESpec/gpt-5.4-mini/373/foo373.c,/home/yangfp/SESpec/RESULTS/paper_data_final/SpecGen/gpt-5.4-mini/373/final_candidate.java
gpt-5.4-mini,375,/home/yangfp/SESpec/RESULTS/paper_data_final/SESpec/gpt-5.4-mini/375/foo375.c,/home/yangfp/SESpec/RESULTS/paper_data_final/SpecGen/gpt-5.4-mini/375/final_candidate.java
gpt-5.4-mini,376,/home/yangfp/SESpec/RESULTS/paper_data_final/SESpec/gpt-5.4-mini/376/foo376.c,/home/yangfp/SESpec/RESULTS/paper_data_final/SpecGen/gpt-5.4-mini/376/final_candidate.java
gpt-5.4-mini,377,/home/yangfp/SESpec/RESULTS/paper_data_final/SESpec/gpt-5.4-mini/377/foo377.c,/home/yangfp/SESpec/RESULTS/paper_data_final/SpecGen/gpt-5.4-mini/377/final_candidate.java
gpt-5.4-mini,379,/home/yangfp/SESpec/RESULTS/paper_data_final/SESpec/gpt-5.4-mini/379/foo379.c,/home/yangfp/SESpec/RESULTS/paper_data_final/SpecGen/gpt-5.4-mini/379/final_candidate.java
gpt-5.4-mini,381,/home/yangfp/SESpec/RESULTS/paper_data_final/SESpec/gpt-5.4-mini/381/foo381.c,/home/yangfp/SESpec/RESULTS/paper_data_final/SpecGen/gpt-5.4-mini/381/final_candidate.java
gpt-5.4-mini,384,/home/yangfp/SESpec/RESULTS/paper_data_final/SESpec/gpt-5.4-mini/384/foo384.c,/home/yangfp/SESpec/RESULTS/paper_data_final/SpecGen/gpt-5.4-mini/384/final_candidate.java
gpt-5.4-mini,385,/home/yangfp/SESpec/RESULTS/paper_data_final/SESpec/gpt-5.4-mini/385/foo385.c,/home/yangfp/SESpec/RESULTS/paper_data_final/SpecGen/gpt-5.4-mini/385/final_candidate.java
gpt-5.4-mini,391,/home/yangfp/SESpec/RESULTS/paper_data_final/SESpec/gpt-5.4-mini/391/foo391.c,/home/yangfp/SESpec/RESULTS/paper_data_final/SpecGen/gpt-5.4-mini/391/final_candidate.java
gpt-5.4-mini,398,/home/yangfp/SESpec/RESULTS/paper_data_final/SESpec/gpt-5.4-mini/398/foo398.c,/home/yangfp/SESpec/RESULTS/paper_data_final/SpecGen/gpt-5.4-mini/398/final_candidate.java
gpt-5.4-mini,399,/home/yangfp/SESpec/RESULTS/paper_data_final/SESpec/gpt-5.4-mini/399/foo325.c,/home/yangfp/SESpec/RESULTS/paper_data_final/SpecGen/gpt-5.4-mini/399/final_candidate.java
gpt-5,1,/home/yangfp/SESpec/RESULTS/paper_data_final/SESpec/gpt-5/1/foo2_c1.c,/home/yangfp/SESpec/RESULTS/paper_data_final/SpecGen/gpt-5/1/extracted_from_log.java
gpt-5,2,/home/yangfp/SESpec/RESULTS/paper_data_final/SESpec/gpt-5/2/foo22_c2.c,/home/yangfp/SESpec/RESULTS/paper_data_final/SpecGen/gpt-5/2/extracted_from_log.java
gpt-5,3,/home/yangfp/SESpec/RESULTS/paper_data_final/SESpec/gpt-5/3/foo24_c3.c,/home/yangfp/SESpec/RESULTS/paper_data_final/SpecGen/gpt-5/3/extracted_from_log.java
gpt-5,4,/home/yangfp/SESpec/RESULTS/paper_data_final/SESpec/gpt-5/4/foo25.c,/home/yangfp/SESpec/RESULTS/paper_data_final/SpecGen/gpt-5/4/extracted_from_log.java
gpt-5,5,/home/yangfp/SESpec/RESULTS/paper_data_final/SESpec/gpt-5/5/foo27_c5.c,/home/yangfp/SESpec/RESULTS/paper_data_final/SpecGen/gpt-5/5/extracted_from_log.java
gpt-5,6,/home/yangfp/SESpec/RESULTS/paper_data_final/SESpec/gpt-5/6/foo28_c6.c,/home/yangfp/SESpec/RESULTS/paper_data_final/SpecGen/gpt-5/6/extracted_from_log.java
gpt-5,7,/home/yangfp/SESpec/RESULTS/paper_data_final/SESpec/gpt-5/7/foo29_c7.c,/home/yangfp/SESpec/RESULTS/paper_data_final/SpecGen/gpt-5/7/extracted_from_log.java
gpt-5,8,/home/yangfp/SESpec/RESULTS/paper_data_final/SESpec/gpt-5/8/foo32_c8.c,/home/yangfp/SESpec/RESULTS/paper_data_final/SpecGen/gpt-5/8/extracted_from_log.java
gpt-5,10,/home/yangfp/SESpec/RESULTS/paper_data_final/SESpec/gpt-5/10/foo42_c12.c,/home/yangfp/SESpec/RESULTS/paper_data_final/SpecGen/gpt-5/10/extracted_from_log.java
gpt-5,11,/home/yangfp/SESpec/RESULTS/paper_data_final/SESpec/gpt-5/11/foo42_c12.c,/home/yangfp/SESpec/RESULTS/paper_data_final/SpecGen/gpt-5/11/extracted_from_log.java
gpt-5,12,/home/yangfp/SESpec/RESULTS/paper_data_final/SESpec/gpt-5/12/foo42_c12.c,/home/yangfp/SESpec/RESULTS/paper_data_final/SpecGen/gpt-5/12/extracted_from_log.java
gpt-5,13,/home/yangfp/SESpec/RESULTS/paper_data_final/SESpec/gpt-5/13/foo62_c13.c,/home/yangfp/SESpec/RESULTS/paper_data_final/SpecGen/gpt-5/13/extracted_from_log.java
gpt-5,14,/home/yangfp/SESpec/RESULTS/paper_data_final/SESpec/gpt-5/14/foo6_c14.c,/home/yangfp/SESpec/RESULTS/paper_data_final/SpecGen/gpt-5/14/extracted_from_log.java
gpt-5,16,/home/yangfp/SESpec/RESULTS/paper_data_final/SESpec/gpt-5/16/foo8_c16.c,/home/yangfp/SESpec/RESULTS/paper_data_final/SpecGen/gpt-5/16/extracted_from_log.java
gpt-5,17,/home/yangfp/SESpec/RESULTS/paper_data_final/SESpec/gpt-5/17/foo9.c,/home/yangfp/SESpec/RESULTS/paper_data_final/SpecGen/gpt-5/17/extracted_from_log.java
gpt-5,18,/home/yangfp/SESpec/RESULTS/paper_data_final/SESpec/gpt-5/18/foo26_c18.c,/home/yangfp/SESpec/RESULTS/paper_data_final/SpecGen/gpt-5/18/extracted_from_log.java
gpt-5,22,/home/yangfp/SESpec/RESULTS/paper_data_final/SESpec/gpt-5/22/foo37_c22.c,/home/yangfp/SESpec/RESULTS/paper_data_final/SpecGen/gpt-5/22/extracted_from_log.java
gpt-5,29,/home/yangfp/SESpec/RESULTS/paper_data_final/SESpec/gpt-5/29/foo60.c,/home/yangfp/SESpec/RESULTS/paper_data_final/SpecGen/gpt-5/29/extracted_from_log.java
gpt-5,30,/home/yangfp/SESpec/RESULTS/paper_data_final/SESpec/gpt-5/30/foo70_c30.c,/home/yangfp/SESpec/RESULTS/paper_data_final/SpecGen/gpt-5/30/extracted_from_log.java
gpt-5,31,/home/yangfp/SESpec/RESULTS/paper_data_final/SESpec/gpt-5/31/foo3_c31.c,/home/yangfp/SESpec/RESULTS/paper_data_final/SpecGen/gpt-5/31/extracted_from_log.java
gpt-5,32,/home/yangfp/SESpec/RESULTS/paper_data_final/SESpec/gpt-5/32/foo4_c32.c,/home/yangfp/SESpec/RESULTS/paper_data_final/SpecGen/gpt-5/32/extracted_from_log.java
gpt-5,33,/home/yangfp/SESpec/RESULTS/paper_data_final/SESpec/gpt-5/33/foo5_c33.c,/home/yangfp/SESpec/RESULTS/paper_data_final/SpecGen/gpt-5/33/extracted_from_log.java
gpt-5,34,/home/yangfp/SESpec/RESULTS/paper_data_final/SESpec/gpt-5/34/foo10_c34.c,/home/yangfp/SESpec/RESULTS/paper_data_final/SpecGen/gpt-5/34/extracted_from_log.java
gpt-5,35,/home/yangfp/SESpec/RESULTS/paper_data_final/SESpec/gpt-5/35/foo39_c35.c,/home/yangfp/SESpec/RESULTS/paper_data_final/SpecGen/gpt-5/35/extracted_from_log.java
gpt-5,37,/home/yangfp/SESpec/RESULTS/paper_data_final/SESpec/gpt-5/37/foo57_c37.c,/home/yangfp/SESpec/RESULTS/paper_data_final/SpecGen/gpt-5/37/extracted_from_log.java
gpt-5,38,/home/yangfp/SESpec/RESULTS/paper_data_final/SESpec/gpt-5/38/foo117_c42.c,/home/yangfp/SESpec/RESULTS/paper_data_final/SpecGen/gpt-5/38/extracted_from_log.java
gpt-5,40,/home/yangfp/SESpec/RESULTS/paper_data_final/SESpec/gpt-5/40/foo117_c42.c,/home/yangfp/SESpec/RESULTS/paper_data_final/SpecGen/gpt-5/40/extracted_from_log.java
gpt-5,41,/home/yangfp/SESpec/RESULTS/paper_data_final/SESpec/gpt-5/41/foo117_c42.c,/home/yangfp/SESpec/RESULTS/paper_data_final/SpecGen/gpt-5/41/extracted_from_log.java
gpt-5,47,/home/yangfp/SESpec/RESULTS/paper_data_final/SESpec/gpt-5/47/foo122.c,/home/yangfp/SESpec/RESULTS/paper_data_final/SpecGen/gpt-5/47/extracted_from_log.java
gpt-5,48,/home/yangfp/SESpec/RESULTS/paper_data_final/SESpec/gpt-5/48/foo124_c48.c,/home/yangfp/SESpec/RESULTS/paper_data_final/SpecGen/gpt-5/48/extracted_from_log.java
gpt-5,50,/home/yangfp/SESpec/RESULTS/paper_data_final/SESpec/gpt-5/50/foo162_c50.c,/home/yangfp/SESpec/RESULTS/paper_data_final/SpecGen/gpt-5/50/extracted_from_log.java
gpt-5,51,/home/yangfp/SESpec/RESULTS/paper_data_final/SESpec/gpt-5/51/foo169_c52.c,/home/yangfp/SESpec/RESULTS/paper_data_final/SpecGen/gpt-5/51/extracted_from_log.java
gpt-5,52,/home/yangfp/SESpec/RESULTS/paper_data_final/SESpec/gpt-5/52/foo169_c52.c,/home/yangfp/SESpec/RESULTS/paper_data_final/SpecGen/gpt-5/52/extracted_from_log.java
gpt-5,53,/home/yangfp/SESpec/RESULTS/paper_data_final/SESpec/gpt-5/53/foo213_c53.c,/home/yangfp/SESpec/RESULTS/paper_data_final/SpecGen/gpt-5/53/extracted_from_log.java
gpt-5,54,/home/yangfp/SESpec/RESULTS/paper_data_final/SESpec/gpt-5/54/foo214.c,/home/yangfp/SESpec/RESULTS/paper_data_final/SpecGen/gpt-5/54/extracted_from_log.java
gpt-5,56,/home/yangfp/SESpec/RESULTS/paper_data_final/SESpec/gpt-5/56/foo228_c56.c,/home/yangfp/SESpec/RESULTS/paper_data_final/SpecGen/gpt-5/56/extracted_from_log.java
gpt-5,57,/home/yangfp/SESpec/RESULTS/paper_data_final/SESpec/gpt-5/57/foo229.c,/home/yangfp/SESpec/RESULTS/paper_data_final/SpecGen/gpt-5/57/extracted_from_log.java
gpt-5,58,/home/yangfp/SESpec/RESULTS/paper_data_final/SESpec/gpt-5/58/foo230_c58.c,/home/yangfp/SESpec/RESULTS/paper_data_final/SpecGen/gpt-5/58/extracted_from_log.java
gpt-5,59,/home/yangfp/SESpec/RESULTS/paper_data_final/SESpec/gpt-5/59/foo231_c59.c,/home/yangfp/SESpec/RESULTS/paper_data_final/SpecGen/gpt-5/59/extracted_from_log.java
gpt-5,60,/home/yangfp/SESpec/RESULTS/paper_data_final/SESpec/gpt-5/60/foo234_c60.c,/home/yangfp/SESpec/RESULTS/paper_data_final/SpecGen/gpt-5/60/extracted_from_log.java
gpt-5,61,/home/yangfp/SESpec/RESULTS/paper_data_final/SESpec/gpt-5/61/foo234_c60.c,/home/yangfp/SESpec/RESULTS/paper_data_final/SpecGen/gpt-5/61/extracted_from_log.java
gpt-5,62,/home/yangfp/SESpec/RESULTS/paper_data_final/SESpec/gpt-5/62/foo234_c60.c,/home/yangfp/SESpec/RESULTS/paper_data_final/SpecGen/gpt-5/62/extracted_from_log.java
gpt-5,63,/home/yangfp/SESpec/RESULTS/paper_data_final/SESpec/gpt-5/63/foo241_c63.c,/home/yangfp/SESpec/RESULTS/paper_data_final/SpecGen/gpt-5/63/extracted_from_log.java
gpt-5,64,/home/yangfp/SESpec/RESULTS/paper_data_final/SESpec/gpt-5/64/foo242.c,/home/yangfp/SESpec/RESULTS/paper_data_final/SpecGen/gpt-5/64/extracted_from_log.java
gpt-5,65,/home/yangfp/SESpec/RESULTS/paper_data_final/SESpec/gpt-5/65/foo253_c65.c,/home/yangfp/SESpec/RESULTS/paper_data_final/SpecGen/gpt-5/65/extracted_from_log.java
gpt-5,67,/home/yangfp/SESpec/RESULTS/paper_data_final/SESpec/gpt-5/67/foo295_c67.c,/home/yangfp/SESpec/RESULTS/paper_data_final/SpecGen/gpt-5/67/extracted_from_log.java
gpt-5,68,/home/yangfp/SESpec/RESULTS/paper_data_final/SESpec/gpt-5/68/foo301_c68.c,/home/yangfp/SESpec/RESULTS/paper_data_final/SpecGen/gpt-5/68/extracted_from_log.java
gpt-5,69,/home/yangfp/SESpec/RESULTS/paper_data_final/SESpec/gpt-5/69/foo302_c69.c,/home/yangfp/SESpec/RESULTS/paper_data_final/SpecGen/gpt-5/69/extracted_from_log.java
gpt-5,70,/home/yangfp/SESpec/RESULTS/paper_data_final/SESpec/gpt-5/70/foo303.c,/home/yangfp/SESpec/RESULTS/paper_data_final/SpecGen/gpt-5/70/extracted_from_log.java
gpt-5,71,/home/yangfp/SESpec/RESULTS/paper_data_final/SESpec/gpt-5/71/foo304_c71.c,/home/yangfp/SESpec/RESULTS/paper_data_final/SpecGen/gpt-5/71/extracted_from_log.java
gpt-5,72,/home/yangfp/SESpec/RESULTS/paper_data_final/SESpec/gpt-5/72/foo306_c72.c,/home/yangfp/SESpec/RESULTS/paper_data_final/SpecGen/gpt-5/72/extracted_from_log.java
gpt-5,73,/home/yangfp/SESpec/RESULTS/paper_data_final/SESpec/gpt-5/73/foo307_c73.c,/home/yangfp/SESpec/RESULTS/paper_data_final/SpecGen/gpt-5/73/extracted_from_log.java
gpt-5,74,/home/yangfp/SESpec/RESULTS/paper_data_final/SESpec/gpt-5/74/foo308_c74.c,/home/yangfp/SESpec/RESULTS/paper_data_final/SpecGen/gpt-5/74/extracted_from_log.java
gpt-5,75,/home/yangfp/SESpec/RESULTS/paper_data_final/SESpec/gpt-5/75/foo309_c75.c,/home/yangfp/SESpec/RESULTS/paper_data_final/SpecGen/gpt-5/75/extracted_from_log.java
gpt-5,76,/home/yangfp/SESpec/RESULTS/paper_data_final/SESpec/gpt-5/76/foo361_c81.c,/home/yangfp/SESpec/RESULTS/paper_data_final/SpecGen/gpt-5/76/extracted_from_log.java
gpt-5,77,/home/yangfp/SESpec/RESULTS/paper_data_final/SESpec/gpt-5/77/foo361_c81.c,/home/yangfp/SESpec/RESULTS/paper_data_final/SpecGen/gpt-5/77/extracted_from_log.java
gpt-5,78,/home/yangfp/SESpec/RESULTS/paper_data_final/SESpec/gpt-5/78/foo361_c81.c,/home/yangfp/SESpec/RESULTS/paper_data_final/SpecGen/gpt-5/78/extracted_from_log.java
gpt-5,79,/home/yangfp/SESpec/RESULTS/paper_data_final/SESpec/gpt-5/79/foo361_c81.c,/home/yangfp/SESpec/RESULTS/paper_data_final/SpecGen/gpt-5/79/extracted_from_log.java
gpt-5,80,/home/yangfp/SESpec/RESULTS/paper_data_final/SESpec/gpt-5/80/foo361_c81.c,/home/yangfp/SESpec/RESULTS/paper_data_final/SpecGen/gpt-5/80/extracted_from_log.java
gpt-5,81,/home/yangfp/SESpec/RESULTS/paper_data_final/SESpec/gpt-5/81/foo361_c81.c,/home/yangfp/SESpec/RESULTS/paper_data_final/SpecGen/gpt-5/81/extracted_from_log.java
gpt-5,82,/home/yangfp/SESpec/RESULTS/paper_data_final/SESpec/gpt-5/82/foo388_c82.c,/home/yangfp/SESpec/RESULTS/paper_data_final/SpecGen/gpt-5/82/extracted_from_log.java
gpt-5,83,/home/yangfp/SESpec/RESULTS/paper_data_final/SESpec/gpt-5/83/foo389_c83.c,/home/yangfp/SESpec/RESULTS/paper_data_final/SpecGen/gpt-5/83/extracted_from_log.java
gpt-5,86,/home/yangfp/SESpec/RESULTS/paper_data_final/SESpec/gpt-5/86/foo394.c,/home/yangfp/SESpec/RESULTS/paper_data_final/SpecGen/gpt-5/86/extracted_from_log.java
gpt-5,88,/home/yangfp/SESpec/RESULTS/paper_data_final/SESpec/gpt-5/88/foo396.c,/home/yangfp/SESpec/RESULTS/paper_data_final/SpecGen/gpt-5/88/extracted_from_log.java
gpt-5,89,/home/yangfp/SESpec/RESULTS/paper_data_final/SESpec/gpt-5/89/foo397_c89.c,/home/yangfp/SESpec/RESULTS/paper_data_final/SpecGen/gpt-5/89/extracted_from_log.java
gpt-5,90,/home/yangfp/SESpec/RESULTS/paper_data_final/SESpec/gpt-5/90/foo398_c90.c,/home/yangfp/SESpec/RESULTS/paper_data_final/SpecGen/gpt-5/90/extracted_from_log.java
gpt-5,91,/home/yangfp/SESpec/RESULTS/paper_data_final/SESpec/gpt-5/91/foo7_c91.c,/home/yangfp/SESpec/RESULTS/paper_data_final/SpecGen/gpt-5/91/extracted_from_log.java
gpt-5,92,/home/yangfp/SESpec/RESULTS/paper_data_final/SESpec/gpt-5/92/foo8_c92.c,/home/yangfp/SESpec/RESULTS/paper_data_final/SpecGen/gpt-5/92/extracted_from_log.java
gpt-5,93,/home/yangfp/SESpec/RESULTS/paper_data_final/SESpec/gpt-5/93/foo9_c93.c,/home/yangfp/SESpec/RESULTS/paper_data_final/SpecGen/gpt-5/93/extracted_from_log.java
gpt-5,94,/home/yangfp/SESpec/RESULTS/paper_data_final/SESpec/gpt-5/94/foo10_c94.c,/home/yangfp/SESpec/RESULTS/paper_data_final/SpecGen/gpt-5/94/extracted_from_log.java
gpt-5,95,/home/yangfp/SESpec/RESULTS/paper_data_final/SESpec/gpt-5/95/foo12_c95.c,/home/yangfp/SESpec/RESULTS/paper_data_final/SpecGen/gpt-5/95/extracted_from_log.java
gpt-5,100,/home/yangfp/SESpec/RESULTS/paper_data_final/SESpec/gpt-5/100/foo18_c100.c,/home/yangfp/SESpec/RESULTS/paper_data_final/SpecGen/gpt-5/100/extracted_from_log.java
gpt-5,101,/home/yangfp/SESpec/RESULTS/paper_data_final/SESpec/gpt-5/101/foo20_c101.c,/home/yangfp/SESpec/RESULTS/paper_data_final/SpecGen/gpt-5/101/extracted_from_log.java
gpt-5,102,/home/yangfp/SESpec/RESULTS/paper_data_final/SESpec/gpt-5/102/foo21_c102.c,/home/yangfp/SESpec/RESULTS/paper_data_final/SpecGen/gpt-5/102/extracted_from_log.java
gpt-5,103,/home/yangfp/SESpec/RESULTS/paper_data_final/SESpec/gpt-5/103/foo23_c103.c,/home/yangfp/SESpec/RESULTS/paper_data_final/SpecGen/gpt-5/103/extracted_from_log.java
gpt-5,104,/home/yangfp/SESpec/RESULTS/paper_data_final/SESpec/gpt-5/104/foo24_c104.c,/home/yangfp/SESpec/RESULTS/paper_data_final/SpecGen/gpt-5/104/extracted_from_log.java
gpt-5,105,/home/yangfp/SESpec/RESULTS/paper_data_final/SESpec/gpt-5/105/foo26_c105.c,/home/yangfp/SESpec/RESULTS/paper_data_final/SpecGen/gpt-5/105/extracted_from_log.java
gpt-5,108,/home/yangfp/SESpec/RESULTS/paper_data_final/SESpec/gpt-5/108/foo29_c108.c,/home/yangfp/SESpec/RESULTS/paper_data_final/SpecGen/gpt-5/108/extracted_from_log.java
gpt-5,111,/home/yangfp/SESpec/RESULTS/paper_data_final/SESpec/gpt-5/111/foo34_c111.c,/home/yangfp/SESpec/RESULTS/paper_data_final/SpecGen/gpt-5/111/extracted_from_log.java
gpt-5,113,/home/yangfp/SESpec/RESULTS/paper_data_final/SESpec/gpt-5/113/foo36_c113.c,/home/yangfp/SESpec/RESULTS/paper_data_final/SpecGen/gpt-5/113/extracted_from_log.java
gpt-5,115,/home/yangfp/SESpec/RESULTS/paper_data_final/SESpec/gpt-5/115/foo38_c115.c,/home/yangfp/SESpec/RESULTS/paper_data_final/SpecGen/gpt-5/115/extracted_from_log.java
gpt-5,116,/home/yangfp/SESpec/RESULTS/paper_data_final/SESpec/gpt-5/116/foo39_c116.c,/home/yangfp/SESpec/RESULTS/paper_data_final/SpecGen/gpt-5/116/extracted_from_log.java
gpt-5,117,/home/yangfp/SESpec/RESULTS/paper_data_final/SESpec/gpt-5/117/foo40_c117.c,/home/yangfp/SESpec/RESULTS/paper_data_final/SpecGen/gpt-5/117/extracted_from_log.java
gpt-5,118,/home/yangfp/SESpec/RESULTS/paper_data_final/SESpec/gpt-5/118/foo41_c118.c,/home/yangfp/SESpec/RESULTS/paper_data_final/SpecGen/gpt-5/118/extracted_from_log.java
gpt-5,120,/home/yangfp/SESpec/RESULTS/paper_data_final/SESpec/gpt-5/120/foo43_c120.c,/home/yangfp/SESpec/RESULTS/paper_data_final/SpecGen/gpt-5/120/extracted_from_log.java
gpt-5,128,/home/yangfp/SESpec/RESULTS/paper_data_final/SESpec/gpt-5/128/foo51_c128.c,/home/yangfp/SESpec/RESULTS/paper_data_final/SpecGen/gpt-5/128/extracted_from_log.java
gpt-5,129,/home/yangfp/SESpec/RESULTS/paper_data_final/SESpec/gpt-5/129/foo52_c129.c,/home/yangfp/SESpec/RESULTS/paper_data_final/SpecGen/gpt-5/129/extracted_from_log.java
gpt-5,134,/home/yangfp/SESpec/RESULTS/paper_data_final/SESpec/gpt-5/134/foo58.c,/home/yangfp/SESpec/RESULTS/paper_data_final/SpecGen/gpt-5/134/extracted_from_log.java
gpt-5,137,/home/yangfp/SESpec/RESULTS/paper_data_final/SESpec/gpt-5/137/foo62_c137.c,/home/yangfp/SESpec/RESULTS/paper_data_final/SpecGen/gpt-5/137/extracted_from_log.java
gpt-5,138,/home/yangfp/SESpec/RESULTS/paper_data_final/SESpec/gpt-5/138/foo63_c138.c,/home/yangfp/SESpec/RESULTS/paper_data_final/SpecGen/gpt-5/138/extracted_from_log.java
gpt-5,139,/home/yangfp/SESpec/RESULTS/paper_data_final/SESpec/gpt-5/139/foo64_c139.c,/home/yangfp/SESpec/RESULTS/paper_data_final/SpecGen/gpt-5/139/extracted_from_log.java
gpt-5,140,/home/yangfp/SESpec/RESULTS/paper_data_final/SESpec/gpt-5/140/foo65_c140.c,/home/yangfp/SESpec/RESULTS/paper_data_final/SpecGen/gpt-5/140/extracted_from_log.java
gpt-5,141,/home/yangfp/SESpec/RESULTS/paper_data_final/SESpec/gpt-5/141/foo66_c141.c,/home/yangfp/SESpec/RESULTS/paper_data_final/SpecGen/gpt-5/141/extracted_from_log.java
gpt-5,142,/home/yangfp/SESpec/RESULTS/paper_data_final/SESpec/gpt-5/142/foo67_c142.c,/home/yangfp/SESpec/RESULTS/paper_data_final/SpecGen/gpt-5/142/extracted_from_log.java
gpt-5,143,/home/yangfp/SESpec/RESULTS/paper_data_final/SESpec/gpt-5/143/foo68_c143.c,/home/yangfp/SESpec/RESULTS/paper_data_final/SpecGen/gpt-5/143/extracted_from_log.java
gpt-5,145,/home/yangfp/SESpec/RESULTS/paper_data_final/SESpec/gpt-5/145/foo70_c145.c,/home/yangfp/SESpec/RESULTS/paper_data_final/SpecGen/gpt-5/145/extracted_from_log.java
gpt-5,147,/home/yangfp/SESpec/RESULTS/paper_data_final/SESpec/gpt-5/147/foo74_c147.c,/home/yangfp/SESpec/RESULTS/paper_data_final/SpecGen/gpt-5/147/extracted_from_log.java
gpt-5,148,/home/yangfp/SESpec/RESULTS/paper_data_final/SESpec/gpt-5/148/foo77.c,/home/yangfp/SESpec/RESULTS/paper_data_final/SpecGen/gpt-5/148/extracted_from_log.java
gpt-5,149,/home/yangfp/SESpec/RESULTS/paper_data_final/SESpec/gpt-5/149/foo78.c,/home/yangfp/SESpec/RESULTS/paper_data_final/SpecGen/gpt-5/149/extracted_from_log.java
gpt-5,154,/home/yangfp/SESpec/RESULTS/paper_data_final/SESpec/gpt-5/154/foo5_c154.c,/home/yangfp/SESpec/RESULTS/paper_data_final/SpecGen/gpt-5/154/extracted_from_log.java
gpt-5,161,/home/yangfp/SESpec/RESULTS/paper_data_final/SESpec/gpt-5/161/foo12_c161.c,/home/yangfp/SESpec/RESULTS/paper_data_final/SpecGen/gpt-5/161/extracted_from_log.java
gpt-5,167,/home/yangfp/SESpec/RESULTS/paper_data_final/SESpec/gpt-5/167/foo18_c167.c,/home/yangfp/SESpec/RESULTS/paper_data_final/SpecGen/gpt-5/167/extracted_from_log.java
gpt-5,169,/home/yangfp/SESpec/RESULTS/paper_data_final/SESpec/gpt-5/169/foo20_c169.c,/home/yangfp/SESpec/RESULTS/paper_data_final/SpecGen/gpt-5/169/extracted_from_log.java
gpt-5,172,/home/yangfp/SESpec/RESULTS/paper_data_final/SESpec/gpt-5/172/foo23_c172.c,/home/yangfp/SESpec/RESULTS/paper_data_final/SpecGen/gpt-5/172/extracted_from_log.java
gpt-5,173,/home/yangfp/SESpec/RESULTS/paper_data_final/SESpec/gpt-5/173/foo24.c,/home/yangfp/SESpec/RESULTS/paper_data_final/SpecGen/gpt-5/173/extracted_from_log.java
gpt-5,174,/home/yangfp/SESpec/RESULTS/paper_data_final/SESpec/gpt-5/174/foo25_c174.c,/home/yangfp/SESpec/RESULTS/paper_data_final/SpecGen/gpt-5/174/extracted_from_log.java
gpt-5,175,/home/yangfp/SESpec/RESULTS/paper_data_final/SESpec/gpt-5/175/foo26_c175.c,/home/yangfp/SESpec/RESULTS/paper_data_final/SpecGen/gpt-5/175/extracted_from_log.java
gpt-5,177,/home/yangfp/SESpec/RESULTS/paper_data_final/SESpec/gpt-5/177/foo28.c,/home/yangfp/SESpec/RESULTS/paper_data_final/SpecGen/gpt-5/177/extracted_from_log.java
gpt-5,179,/home/yangfp/SESpec/RESULTS/paper_data_final/SESpec/gpt-5/179/foo34_c179.c,/home/yangfp/SESpec/RESULTS/paper_data_final/SpecGen/gpt-5/179/extracted_from_log.java
gpt-5,180,/home/yangfp/SESpec/RESULTS/paper_data_final/SESpec/gpt-5/180/foo35_c180.c,/home/yangfp/SESpec/RESULTS/paper_data_final/SpecGen/gpt-5/180/extracted_from_log.java
gpt-5,181,/home/yangfp/SESpec/RESULTS/paper_data_final/SESpec/gpt-5/181/foo36_c181.c,/home/yangfp/SESpec/RESULTS/paper_data_final/SpecGen/gpt-5/181/extracted_from_log.java
gpt-5,182,/home/yangfp/SESpec/RESULTS/paper_data_final/SESpec/gpt-5/182/foo37_c182.c,/home/yangfp/SESpec/RESULTS/paper_data_final/SpecGen/gpt-5/182/extracted_from_log.java
gpt-5,183,/home/yangfp/SESpec/RESULTS/paper_data_final/SESpec/gpt-5/183/foo38.c,/home/yangfp/SESpec/RESULTS/paper_data_final/SpecGen/gpt-5/183/extracted_from_log.java
gpt-5,185,/home/yangfp/SESpec/RESULTS/paper_data_final/SESpec/gpt-5/185/foo40_c185.c,/home/yangfp/SESpec/RESULTS/paper_data_final/SpecGen/gpt-5/185/extracted_from_log.java
gpt-5,190,/home/yangfp/SESpec/RESULTS/paper_data_final/SESpec/gpt-5/190/foo48_c190.c,/home/yangfp/SESpec/RESULTS/paper_data_final/SpecGen/gpt-5/190/extracted_from_log.java
gpt-5,192,/home/yangfp/SESpec/RESULTS/paper_data_final/SESpec/gpt-5/192/foo50_c192.c,/home/yangfp/SESpec/RESULTS/paper_data_final/SpecGen/gpt-5/192/extracted_from_log.java
gpt-5,193,/home/yangfp/SESpec/RESULTS/paper_data_final/SESpec/gpt-5/193/foo51_c193.c,/home/yangfp/SESpec/RESULTS/paper_data_final/SpecGen/gpt-5/193/extracted_from_log.java
gpt-5,205,/home/yangfp/SESpec/RESULTS/paper_data_final/SESpec/gpt-5/205/foo63_c205.c,/home/yangfp/SESpec/RESULTS/paper_data_final/SpecGen/gpt-5/205/extracted_from_log.java
gpt-5,209,/home/yangfp/SESpec/RESULTS/paper_data_final/SESpec/gpt-5/209/foo67.c,/home/yangfp/SESpec/RESULTS/paper_data_final/SpecGen/gpt-5/209/extracted_from_log.java
gpt-5,211,/home/yangfp/SESpec/RESULTS/paper_data_final/SESpec/gpt-5/211/foo70_c211.c,/home/yangfp/SESpec/RESULTS/paper_data_final/SpecGen/gpt-5/211/extracted_from_log.java
gpt-5,213,/home/yangfp/SESpec/RESULTS/paper_data_final/SESpec/gpt-5/213/foo72.c,/home/yangfp/SESpec/RESULTS/paper_data_final/SpecGen/gpt-5/213/extracted_from_log.java
gpt-5,215,/home/yangfp/SESpec/RESULTS/paper_data_final/SESpec/gpt-5/215/foo74_c215.c,/home/yangfp/SESpec/RESULTS/paper_data_final/SpecGen/gpt-5/215/extracted_from_log.java
gpt-5,217,/home/yangfp/SESpec/RESULTS/paper_data_final/SESpec/gpt-5/217/foo76.c,/home/yangfp/SESpec/RESULTS/paper_data_final/SpecGen/gpt-5/217/extracted_from_log.java
gpt-5,219,/home/yangfp/SESpec/RESULTS/paper_data_final/SESpec/gpt-5/219/foo78_c219.c,/home/yangfp/SESpec/RESULTS/paper_data_final/SpecGen/gpt-5/219/extracted_from_log.java
gpt-5,220,/home/yangfp/SESpec/RESULTS/paper_data_final/SESpec/gpt-5/220/foo79.c,/home/yangfp/SESpec/RESULTS/paper_data_final/SpecGen/gpt-5/220/extracted_from_log.java
gpt-5,236,/home/yangfp/SESpec/RESULTS/paper_data_final/SESpec/gpt-5/236/foo95.c,/home/yangfp/SESpec/RESULTS/paper_data_final/SpecGen/gpt-5/236/extracted_from_log.java
gpt-5,237,/home/yangfp/SESpec/RESULTS/paper_data_final/SESpec/gpt-5/237/foo96.c,/home/yangfp/SESpec/RESULTS/paper_data_final/SpecGen/gpt-5/237/extracted_from_log.java
gpt-5,249,/home/yangfp/SESpec/RESULTS/paper_data_final/SESpec/gpt-5/249/foo108.c,/home/yangfp/SESpec/RESULTS/paper_data_final/SpecGen/gpt-5/249/extracted_from_log.java
gpt-5,250,/home/yangfp/SESpec/RESULTS/paper_data_final/SESpec/gpt-5/250/foo109.c,/home/yangfp/SESpec/RESULTS/paper_data_final/SpecGen/gpt-5/250/extracted_from_log.java
gpt-5,251,/home/yangfp/SESpec/RESULTS/paper_data_final/SESpec/gpt-5/251/foo110.c,/home/yangfp/SESpec/RESULTS/paper_data_final/SpecGen/gpt-5/251/extracted_from_log.java
gpt-5,254,/home/yangfp/SESpec/RESULTS/paper_data_final/SESpec/gpt-5/254/foo116.c,/home/yangfp/SESpec/RESULTS/paper_data_final/SpecGen/gpt-5/254/extracted_from_log.java
gpt-5,255,/home/yangfp/SESpec/RESULTS/paper_data_final/SESpec/gpt-5/255/foo118.c,/home/yangfp/SESpec/RESULTS/paper_data_final/SpecGen/gpt-5/255/extracted_from_log.java
gpt-5,256,/home/yangfp/SESpec/RESULTS/paper_data_final/SESpec/gpt-5/256/foo119.c,/home/yangfp/SESpec/RESULTS/paper_data_final/SpecGen/gpt-5/256/extracted_from_log.java
gpt-5,259,/home/yangfp/SESpec/RESULTS/paper_data_final/SESpec/gpt-5/259/foo122_c259.c,/home/yangfp/SESpec/RESULTS/paper_data_final/SpecGen/gpt-5/259/extracted_from_log.java
gpt-5,263,/home/yangfp/SESpec/RESULTS/paper_data_final/SESpec/gpt-5/263/foo130.c,/home/yangfp/SESpec/RESULTS/paper_data_final/SpecGen/gpt-5/263/extracted_from_log.java
gpt-5,264,/home/yangfp/SESpec/RESULTS/paper_data_final/SESpec/gpt-5/264/foo139_c264.c,/home/yangfp/SESpec/RESULTS/paper_data_final/SpecGen/gpt-5/264/extracted_from_log.java
gpt-5,270,/home/yangfp/SESpec/RESULTS/paper_data_final/SESpec/gpt-5/270/foo147.c,/home/yangfp/SESpec/RESULTS/paper_data_final/SpecGen/gpt-5/270/extracted_from_log.java
gpt-5,276,/home/yangfp/SESpec/RESULTS/paper_data_final/SESpec/gpt-5/276/foo157_c276.c,/home/yangfp/SESpec/RESULTS/paper_data_final/SpecGen/gpt-5/276/extracted_from_log.java
gpt-5,277,/home/yangfp/SESpec/RESULTS/paper_data_final/SESpec/gpt-5/277/foo158.c,/home/yangfp/SESpec/RESULTS/paper_data_final/SpecGen/gpt-5/277/extracted_from_log.java
gpt-5,280,/home/yangfp/SESpec/RESULTS/paper_data_final/SESpec/gpt-5/280/foo164.c,/home/yangfp/SESpec/RESULTS/paper_data_final/SpecGen/gpt-5/280/extracted_from_log.java
gpt-5,282,/home/yangfp/SESpec/RESULTS/paper_data_final/SESpec/gpt-5/282/foo166.c,/home/yangfp/SESpec/RESULTS/paper_data_final/SpecGen/gpt-5/282/extracted_from_log.java
gpt-5,284,/home/yangfp/SESpec/RESULTS/paper_data_final/SESpec/gpt-5/284/foo171.c,/home/yangfp/SESpec/RESULTS/paper_data_final/SpecGen/gpt-5/284/extracted_from_log.java
gpt-5,298,/home/yangfp/SESpec/RESULTS/paper_data_final/SESpec/gpt-5/298/foo197_c298.c,/home/yangfp/SESpec/RESULTS/paper_data_final/SpecGen/gpt-5/298/extracted_from_log.java
gpt-5,299,/home/yangfp/SESpec/RESULTS/paper_data_final/SESpec/gpt-5/299/foo201.c,/home/yangfp/SESpec/RESULTS/paper_data_final/SpecGen/gpt-5/299/extracted_from_log.java
gpt-5,301,/home/yangfp/SESpec/RESULTS/paper_data_final/SESpec/gpt-5/301/foo203.c,/home/yangfp/SESpec/RESULTS/paper_data_final/SpecGen/gpt-5/301/extracted_from_log.java
gpt-5,302,/home/yangfp/SESpec/RESULTS/paper_data_final/SESpec/gpt-5/302/foo205.c,/home/yangfp/SESpec/RESULTS/paper_data_final/SpecGen/gpt-5/302/extracted_from_log.java
gpt-5,305,/home/yangfp/SESpec/RESULTS/paper_data_final/SESpec/gpt-5/305/foo208.c,/home/yangfp/SESpec/RESULTS/paper_data_final/SpecGen/gpt-5/305/extracted_from_log.java
gpt-5,306,/home/yangfp/SESpec/RESULTS/paper_data_final/SESpec/gpt-5/306/foo209.c,/home/yangfp/SESpec/RESULTS/paper_data_final/SpecGen/gpt-5/306/extracted_from_log.java
gpt-5,307,/home/yangfp/SESpec/RESULTS/paper_data_final/SESpec/gpt-5/307/foo210.c,/home/yangfp/SESpec/RESULTS/paper_data_final/SpecGen/gpt-5/307/extracted_from_log.java
gpt-5,309,/home/yangfp/SESpec/RESULTS/paper_data_final/SESpec/gpt-5/309/foo212.c,/home/yangfp/SESpec/RESULTS/paper_data_final/SpecGen/gpt-5/309/extracted_from_log.java
gpt-5,313,/home/yangfp/SESpec/RESULTS/paper_data_final/SESpec/gpt-5/313/foo113_c313.c,/home/yangfp/SESpec/RESULTS/paper_data_final/SpecGen/gpt-5/313/extracted_from_log.java
gpt-5,315,/home/yangfp/SESpec/RESULTS/paper_data_final/SESpec/gpt-5/315/foo128.c,/home/yangfp/SESpec/RESULTS/paper_data_final/SpecGen/gpt-5/315/extracted_from_log.java
gpt-5,316,/home/yangfp/SESpec/RESULTS/paper_data_final/SESpec/gpt-5/316/foo132.c,/home/yangfp/SESpec/RESULTS/paper_data_final/SpecGen/gpt-5/316/extracted_from_log.java
gpt-5,319,/home/yangfp/SESpec/RESULTS/paper_data_final/SESpec/gpt-5/319/foo135_c319.c,/home/yangfp/SESpec/RESULTS/paper_data_final/SpecGen/gpt-5/319/extracted_from_log.java
gpt-5,320,/home/yangfp/SESpec/RESULTS/paper_data_final/SESpec/gpt-5/320/foo136.c,/home/yangfp/SESpec/RESULTS/paper_data_final/SpecGen/gpt-5/320/extracted_from_log.java
gpt-5,322,/home/yangfp/SESpec/RESULTS/paper_data_final/SESpec/gpt-5/322/foo140.c,/home/yangfp/SESpec/RESULTS/paper_data_final/SpecGen/gpt-5/322/extracted_from_log.java
gpt-5,323,/home/yangfp/SESpec/RESULTS/paper_data_final/SESpec/gpt-5/323/foo141.c,/home/yangfp/SESpec/RESULTS/paper_data_final/SpecGen/gpt-5/323/extracted_from_log.java
gpt-5,327,/home/yangfp/SESpec/RESULTS/paper_data_final/SESpec/gpt-5/327/foo156_c327.c,/home/yangfp/SESpec/RESULTS/paper_data_final/SpecGen/gpt-5/327/extracted_from_log.java
gpt-5,330,/home/yangfp/SESpec/RESULTS/paper_data_final/SESpec/gpt-5/330/foo163.c,/home/yangfp/SESpec/RESULTS/paper_data_final/SpecGen/gpt-5/330/extracted_from_log.java
gpt-5,335,/home/yangfp/SESpec/RESULTS/paper_data_final/SESpec/gpt-5/335/foo174.c,/home/yangfp/SESpec/RESULTS/paper_data_final/SpecGen/gpt-5/335/extracted_from_log.java
gpt-5,341,/home/yangfp/SESpec/RESULTS/paper_data_final/SESpec/gpt-5/341/foo192.c,/home/yangfp/SESpec/RESULTS/paper_data_final/SpecGen/gpt-5/341/extracted_from_log.java
gpt-5,347,/home/yangfp/SESpec/RESULTS/paper_data_final/SESpec/gpt-5/347/foo199.c,/home/yangfp/SESpec/RESULTS/paper_data_final/SpecGen/gpt-5/347/extracted_from_log.java
gpt-5,360,/home/yangfp/SESpec/RESULTS/paper_data_final/SESpec/gpt-5/360/foo252.c,/home/yangfp/SESpec/RESULTS/paper_data_final/SpecGen/gpt-5/360/extracted_from_log.java
gpt-5,361,/home/yangfp/SESpec/RESULTS/paper_data_final/SESpec/gpt-5/361/foo253_c361.c,/home/yangfp/SESpec/RESULTS/paper_data_final/SpecGen/gpt-5/361/extracted_from_log.java
gpt-5,364,/home/yangfp/SESpec/RESULTS/paper_data_final/SESpec/gpt-5/364/foo256.c,/home/yangfp/SESpec/RESULTS/paper_data_final/SpecGen/gpt-5/364/extracted_from_log.java
gpt-5,365,/home/yangfp/SESpec/RESULTS/paper_data_final/SESpec/gpt-5/365/foo263.c,/home/yangfp/SESpec/RESULTS/paper_data_final/SpecGen/gpt-5/365/extracted_from_log.java
gpt-5,368,/home/yangfp/SESpec/RESULTS/paper_data_final/SESpec/gpt-5/368/foo270_c368.c,/home/yangfp/SESpec/RESULTS/paper_data_final/SpecGen/gpt-5/368/extracted_from_log.java
gpt-5,369,/home/yangfp/SESpec/RESULTS/paper_data_final/SESpec/gpt-5/369/foo275_c369.c,/home/yangfp/SESpec/RESULTS/paper_data_final/SpecGen/gpt-5/369/extracted_from_log.java
gpt-5,370,/home/yangfp/SESpec/RESULTS/paper_data_final/SESpec/gpt-5/370/foo276_c370.c,/home/yangfp/SESpec/RESULTS/paper_data_final/SpecGen/gpt-5/370/extracted_from_log.java
gpt-5,371,/home/yangfp/SESpec/RESULTS/paper_data_final/SESpec/gpt-5/371/foo277.c,/home/yangfp/SESpec/RESULTS/paper_data_final/SpecGen/gpt-5/371/extracted_from_log.java
gpt-5,372,/home/yangfp/SESpec/RESULTS/paper_data_final/SESpec/gpt-5/372/foo281_c372.c,/home/yangfp/SESpec/RESULTS/paper_data_final/SpecGen/gpt-5/372/extracted_from_log.java
gpt-5,376,/home/yangfp/SESpec/RESULTS/paper_data_final/SESpec/gpt-5/376/foo285_c376.c,/home/yangfp/SESpec/RESULTS/paper_data_final/SpecGen/gpt-5/376/extracted_from_log.java
gpt-5,378,/home/yangfp/SESpec/RESULTS/paper_data_final/SESpec/gpt-5/378/foo287.c,/home/yangfp/SESpec/RESULTS/paper_data_final/SpecGen/gpt-5/378/extracted_from_log.java
gpt-5,379,/home/yangfp/SESpec/RESULTS/paper_data_final/SESpec/gpt-5/379/foo288.c,/home/yangfp/SESpec/RESULTS/paper_data_final/SpecGen/gpt-5/379/extracted_from_log.java
gpt-5,385,/home/yangfp/SESpec/RESULTS/paper_data_final/SESpec/gpt-5/385/foo300.c,/home/yangfp/SESpec/RESULTS/paper_data_final/SpecGen/gpt-5/385/extracted_from_log.java
gpt-5,388,/home/yangfp/SESpec/RESULTS/paper_data_final/SESpec/gpt-5/388/foo304.c,/home/yangfp/SESpec/RESULTS/paper_data_final/SpecGen/gpt-5/388/extracted_from_log.java
gpt-5,389,/home/yangfp/SESpec/RESULTS/paper_data_final/SESpec/gpt-5/389/foo307_c389.c,/home/yangfp/SESpec/RESULTS/paper_data_final/SpecGen/gpt-5/389/extracted_from_log.java
gpt-5,390,/home/yangfp/SESpec/RESULTS/paper_data_final/SESpec/gpt-5/390/foo312.c,/home/yangfp/SESpec/RESULTS/paper_data_final/SpecGen/gpt-5/390/extracted_from_log.java
gpt-5,397,/home/yangfp/SESpec/RESULTS/paper_data_final/SESpec/gpt-5/397/foo323.c,/home/yangfp/SESpec/RESULTS/paper_data_final/SpecGen/gpt-5/397/extracted_from_log.java
gpt-5,398,/home/yangfp/SESpec/RESULTS/paper_data_final/SESpec/gpt-5/398/foo324.c,/home/yangfp/SESpec/RESULTS/paper_data_final/SpecGen/gpt-5/398/extracted_from_log.java
gpt-5,399,/home/yangfp/SESpec/RESULTS/paper_data_final/SESpec/gpt-5/399/foo325.c,/home/yangfp/SESpec/RESULTS/paper_data_final/SpecGen/gpt-5/399/extracted_from_log.java
