case_id,verdict,reason
1,equal,"Both contracts state the same postcondition (\result == m + n) and the same frame condition, while B adds only a termination measure and a trivial requires \true, which do not make its functional behavior more informative."
2,B_stronger,"B fully characterizes the output as the mathematical fib(n) for all n under its precondition, while A only gives separate case implications and a nonnegative bound, so B implies A’s postconditions but not vice versa."
3,B_stronger,"B precisely specifies the full recursive input-output behavior with a functional equation, while A only states a few partial cases and nonnegativity."
4,A_stronger,"A includes the exact postcondition for the global counter growth and preserves the auxiliary parameters, while B has only a weak precondition/frame condition and no functional ensures, so A more precisely characterizes the behavior."
5,B_stronger,"B implies all of A’s postconditions and additionally states the full functional result via an explicit specification function (plus termination/frame details), so it is strictly more informative."
6,B_stronger,"B contains substantive behavioral facts about recursive merge-sort-style processing and segment copying via loop invariants, whereas A mostly provides trivial or nearly vacuous postconditions (ensures true), so B more precisely characterizes the function behavior."
7,equal,"Both contracts specify the same functional behavior: the result is n times the absolute value of m, with A expressing it as two sign-split ensures clauses and B expressing it as one equivalent conditional postcondition."
8,B_stronger,"B includes the same postconditions as A for the shared function behavior, while A provides no additional relevant output facts beyond those, and B’s contract is at least as informative in the accepted specification context."
10,equal,"Both contracts specify the same functional behavior: the result is true/1 exactly when the input i is nonnegative, with no additional postcondition facts beyond equivalent syntax."
11,equal,"Both contracts specify the same input-output behavior: the result is true/1 exactly when i >= 0, with no additional non-trivial functional facts in either one."
12,B_stronger,"B’s postcondition precisely fixes the return value as an integer-valued specification (0 for negative inputs, 1 otherwise), which implies A’s boolean result characterization, while A only states the weaker boolean equivalence."
13,equal,"Both contracts characterize the same recursive function with the same piecewise result behavior (return 10-depth below 10, else 0), and their extra termination/frame annotations are equivalent or ignored under the comparison rules."
14,B_stronger,"B is stronger because it includes the postcondition that the result is 1 and additionally constrains the input with requires unknown <= 0, whereas A only states the result equals 1."
15,equal,"Both contracts specify the same complete case split on size and the same return values, with B only adding redundant size>=0 guards that are already implied by the other branch conditions."
16,equal,"Both contracts state exactly the same piecewise mapping from input size to return value, with no additional non-trivial functional facts in either one."
17,equal,"Both contracts specify the same two cases for the result based on whether index is in range or out of range, and neither adds a non-trivial functional postcondition beyond the other."
18,parse_error,"{""verdict"":""B_stronger"",""reason"":""B includes a much stronger behavioral postcondition via `ensures a == \old(a)` and the detailed loop invariant about the shifted segment, whereas A only states the ar"
22,equal,"Both contracts state the same postcondition: negative inputs return -1 and nonnegative inputs return 1, with no additional nontrivial functional facts in either one."
29,A_stronger,"A precisely fixes the result to 1, while B only allows 0 or 1, so A logically implies B and is strictly more informative."
30,B_stronger,"B is essentially unconstrained beyond basic execution, while A additionally specifies the function returns true, so A’s postcondition logically implies B’s but not vice versa."
31,equal,"Both contracts state the same two conditional postconditions, with only equivalent reordering and frame-condition formatting differences."
32,A_stronger,"A fully characterizes both branches of the function’s return value for all inputs, while B only specifies the nonzero-input case and omits the zero-input behavior."
33,equal,"Both contracts state exactly the same input-output behavior: return 0 when denom is 0 and return 1 otherwise, with no additional nontrivial postcondition in either spec."
34,B_stronger,"B includes the zero-denominator result condition plus the nonzero-denominator functional result equation, while A only specifies the zero-denominator case, so B logically implies A and contains additional behavior facts."
35,A_stronger,"A guarantees the exact final value of the static field c and that the result is true, while B only constrains the result via a predicate that is equivalent to true and mentions no state update."
37,equal,"Both contracts specify the same functional behavior for the exported function foo57/foo37: it returns 1 and has no side effects, and any extra body-level implementation detail in B is not part of the contract."
38,B_stronger,"B includes the non-trivial loop invariants relating x1, x3, t, and pre-state values of v1/v3 (and a stronger exit-state characterization) whereas A only states trivial true conditions, so B logically implies A but not vice versa."
40,B_stronger,"B includes A’s unchanged-parameter facts and additionally constrains loop-state evolution with stronger invariants on x1, x2, x3, t, and v2, so B logically implies more about the function’s behavior than A."
41,B_stronger,"B implies A’s only meaningful invariant t>=0 and additionally gives precise relational and pre-state facts about x1, x3, v1, v3, and the non-entry case, whereas A contains only t>=0."
47,equal,"Both contracts capture the same loop behavior: they maintain the same relationships between mid, lo, and hi throughout the loop, and B’s extra clauses are either redundant consequences of those invariants or only restate the initial/exit state."
48,A_stronger,"A adds the non-trivial postcondition that unknown() always returns 0, while B only states an unconstrained loop invariant true/0==0 and otherwise matches the same loop behavior."
50,B_stronger,"B preserves the same core relationships as A and additionally specifies exact formulas for i and j in terms of n and the pre-state, making it more informative."
51,B_stronger,"B implies all of A’s loop facts and adds the non-trivial invariant y % 2 == 0 (plus z >= 0 and x >= 0 separately), so B more precisely constrains the behavior."
52,A_stronger,"A includes all of B’s loop invariants and additionally states x <= w and z >= 10 * x, which are non-trivial facts not present in B."
53,equal,"Both contracts express the same substantive fact, namely the loop invariant x % 5 == 0, and A’s extra ensures true and decreases clause do not add functional behavior information."
54,B_stronger,"B contains all of A’s meaningful loop fact about x staying within 0..100, and additionally asserts several extra loop invariants (e.g. x==0 ⇒ x%2==0), whereas A’s postcondition is trivial."
57,A_stronger,"A entails B’s functional facts (same initialization/loop structure and count parity bounds, with the same trivial overall behavior) while also stating an extra non-trivial invariant, namely the fixed octant value, that B does not express."
58,A_stronger,"A includes non-trivial loop invariants about count, octant1/octant2, and multFactor, while B's loop invariant is მხოლოდ {\true}, so A logically implies B and is more informative."
59,B_stronger,"B is strictly more informative because it adds non-trivial loop invariants relating x mod 3 to y, while A only states trivial true postcondition/invariant facts."
60,A_stronger,"A and B both capture the same termination/iteration behavior, but A additionally constrains the final values of all inputs and nlen in the postcondition, while B only states these as loop invariants, so A is more informative overall."
61,B_stronger,"B includes the same preservation facts about the inputs and additionally gives loop-invariant bounds on j relative to the inputs, whereas A only states the inputs remain unchanged."
62,equal,"The two contracts express the same functional facts: both require nonnegative length inputs, both specify no side effects, both preserve the input values (including nlen), and both have the same loop invariant information modulo splitting/formatting."
63,B_stronger,"B implies A’s loop facts (including a==b, i even, and j==i+1) and additionally states extra non-trivial invariants such as a>=0, j%2==1, and b-(a+j-i)==-1, so B is more informative."
64,B_stronger,"B implies all of A’s loop facts and additionally states stronger relational invariants connecting i, j, a, and b, while A lacks several of those precise functional relationships."
65,B_stronger,"B includes all of A’s loop facts and additionally states the non-trivial invariant 0 <= n, so B logically implies A while being more informative."
67,A_stronger,"A and B share the core parity/divisibility invariants, but A additionally states i == j + k, which B does not imply, while B's extra bounds and congruence facts are not stronger than A's post-relevant invariant set."
68,B_stronger,"B implies all of A’s loop facts and additionally characterizes i and j exactly as evens(l) and odds(l), which A does not."
69,A_stronger,"A implies B’s meaningful loop facts under B’s own precondition setting, while A additionally states the explicit bound and sum invariant without B’s extra precondition-split bookkeeping."
70,B_stronger,"B includes all of A’s substantive loop facts and adds extra invariants tying the final state to the initial input (e.g. n == Pre and the special-case invariant for n == 0), so B more precisely characterizes the behavior."
71,A_stronger,"A implies B’s loop facts (same bounds and sum invariant, with the nonnegativity facts also holding for unsigned-free integers), and A additionally has the explicit postcondition that n is unchanged, which B lacks."
72,B_stronger,"B implies the same nontrivial counting and boundedness facts as A’s loop invariant and additionally specifies exact zero-state/parameter relations for the n<=0 case (and n preservation), whereas A only has a trivial postcondition."
73,B_stronger,"B implies A’s simple nonnegativity and sum invariant, and additionally constrains each counter and l relative to n plus the n==Pre(n) relation and special-case behavior when n<=0, which A lacks."
74,B_stronger,"B’s loop invariants precisely characterize the evolving counters and their relation to l, while A only states the weak postcondition n >= 0, so B implies strictly more about the function’s behavior."
75,B_stronger,"B includes concrete initialization and loop invariants relating all variables to the iteration count and each other, while A provides no functional postconditions or invariants at all."
76,B_stronger,"B includes the same loop invariant facts as A but with the stronger combined invariant form and an explicit loop frame condition, while A’s only postcondition about unknown() and trivial ensures true add no comparable information about foo72."
77,B_stronger,"B implies A's loop facts and preserves y, while adding the non-trivial invariant 0 <= z - 36*y <= 36 that A does not express."
78,equal,"Both contracts capture the same substantive behavior: the loop invariants are equivalent, and A’s postcondition y unchanged matches B’s explicit y == at(y,Pre) invariant, while the rest is either frame/boilerplate or not stronger in one direction."
79,A_stronger,"A preserves all four inputs exactly like B but also bounds c above by 36, while B only adds redundant invariants equivalent to A’s facts or frame information."
80,B_stronger,"B includes all of A’s substantive loop facts and adds extra invariants about x1, x2, x3, and the algebraic relation c == z - 36 * y, making it more informative."
81,equal,"Both contracts express the same functional facts: the loop preserves the parameter values and maintains the same relationship between z, c, and y (with B’s z - c == 36*y equivalent to A’s z == 36*y + c), while A’s extra upper bound on c is matched by B’s frame/invariant detail only in a non-function"
82,B_stronger,"B includes the full preservation facts for z and k plus the stronger functional invariant y == pow_int(z, c - 1), whereas A only states simple bounds on c and no output-related relation beyond parameter preservation."
83,B_stronger,"B is stronger because it implies A’s preserved-state behavior while additionally specifying loop-state relations for x, y, c (including y as a power of z and the pre-state-dependent branch), which A does not capture."
84,A_stronger,"A contains the same output-preservation fact as B plus stronger loop facts about the evolving locals (0 <= a && 0 <= b and p >= 1, with p >= 1 implying B's p > 0), so A logically implies B while adding non-trivial information."
85,A_stronger,"A includes the non-trivial loop invariant z + x * y == a * b and the termination measure decreases y, which imply the simpler state-preservation facts in B, while B lacks any corresponding arithmetic relation."
86,B_stronger,"B includes all of A’s functional facts and additionally specifies that x equals the recursive sum_squares(c) (plus redundant strengthening), so B more precisely characterizes the loop state/output behavior."
87,B_stronger,"B implies all of A’s loop facts and adds the stronger invariant that x equals the sum of cubes accumulated so far, which A does not express."
88,B_stronger,"B preserves all of A’s key facts (notably k is unchanged and c/y track each other) and adds strictly more informative behavior, especially the exact relation x == sum_pow4(y) plus stronger case-split invariants tying x, y, and c to k."
89,B_stronger,"B includes all of A’s functional postcondition content (k unchanged) and additionally specifies detailed loop invariants relating c, y, and k, making it strictly more informative."
90,B_stronger,"B implies A’s exit fact by preserving x,y and maintaining a division-style decomposition with stronger loop information, while A only states a weak existential postcondition that does not capture the same precise invariant structure."
91,A_stronger,"A implies B’s main postcondition that the result is either -1 or a valid index of key and also states frame preservation, while B adds mostly weaker or redundant facts plus extra preconditions and loop invariants not present in A."
92,B_stronger,"B includes all of A’s result facts and additionally specifies subtraction and conditional safety/value behavior for division and modulo, so B logically implies A while adding non-trivial information."
93,B_stronger,"B includes the full functional behavior for the '+' case in its postcondition, while A omits any ensures clause for '+' and is therefore less informative."
94,B_stronger,"B is strictly more informative because it splits the result characterization into two directional postconditions that together imply A’s boolean equivalence, while A only states the equivalence as a single fact."
95,B_stronger,B is stronger because it includes A’s core equality result for equal-length arrays and additionally specifies the false case plus explicit read-only/frame and loop stability facts that A does not.
100,A_stronger,"A includes the exact functional postcondition relating result to input, while B only states no side effects and omits any input-output behavior."
101,A_stronger,"A specifies the actual copied range relation and that all elements of b remain unchanged, while B only guarantees outside-range preservation and has loop invariants mainly about framing/preservation, so A entails strictly more functional behavior."
102,B_stronger,"B includes A’s nonnegativity/termination-style loop facts and additionally specifies the negative-input behavior and the intended digital-root semantics via the recursive logic definitions, so B is more informative overall."
103,B_stronger,"B explicitly states both directions of the parity-to-result relation, while A only gives the equivalent boolean equality in one formula; B is at least as informative and contains a non-trivial fact separately spelled out that A does not."
104,A_stronger,"A implies B’s key postcondition that any non--1 result is an index whose value dominates all others, while B only states the weaker no-double-violation property and lacks A’s explicit maximum-element guarantee."
105,incomparable,"B is stronger on functional result precision (it specifies the exact Fibonacci value for n>0), but A has array-specific loop invariants that B lacks, so neither contract’s facts logically imply the other overall."
106,equal,"Both contracts characterize the same behavior: returning the array element with minimal absolute value, breaking ties toward the larger value, with the empty-array case yielding INT_MAX/Integer.MAX_VALUE; A states this directly in postconditions while B states it via the negated-better predicate, bu"
107,A_stronger,"A precisely characterizes both outcomes: it covers the empty-array case and states that returning -1 is equivalent to no zero existing, while B only constrains behavior when a zero exists and leaves the no-zero case largely unspecified."
108,equal,"A’s single conditional expression and B’s case-split postconditions specify the same input-output behavior for all divisibility combinations, with no additional non-trivial facts in either contract."
109,B_stronger,"B is strictly more informative because it gives a complete case split on divisibility by 3 and 5, which implies A’s result constraints while A only states the combined formula and the coarse range of possible outputs."
113,B_stronger,"B implies the ascending-result behavior for both the short-array and successful cases and additionally states the failure condition from a detected inversion, while A only guarantees the true result and lacks the converse/negative characterization."
115,A_stronger,"A gives the exact boolean characterization of the result via a biconditional, while B only states one-way implications for the 1/0 cases and therefore is strictly weaker."
116,B_stronger,"B fully characterizes the return value for all relevant input cases (including explicit false cases and the true case), while A only states the bidirectional equivalence in one formula, so B contains at least one non-trivial fact A does not."
117,A_stronger,"A gives the exact iff characterization of the return value, while B only states one-way implications and is therefore strictly weaker."
118,B_stronger,"B implies A’s boolean result characterization and adds the extra case split that if m is not divisible by a then the result is 0, making it strictly more informative."
119,B_stronger,"B precisely characterizes both outcomes with a success/failure split and array unchanged property, while A only guarantees the function returns true and omits the false case behavior."
120,B_stronger,"B includes all of A’s preservation facts plus additional postconditions about length, element-wise array preservation, and result range, so B logically characterizes the behavior more precisely."
128,B_stronger,"B implies A’s leap-year equivalence but splits the behavior into finer mutually exclusive cases, adding more detailed output facts than A’s single biconditional postcondition."
129,B_stronger,"B states the leap-year behavior in a more granular case split that logically implies A’s biconditional result, while A only gives the single equivalence and lacks B’s separate consequence clauses."
130,B_stronger,"B implies A’s postconditions about found/not-found results and additionally states the stronger bounded-result fact with an explicit lower bound plus richer loop invariants, while A lacks those extra guarantees."
132,B_stronger,"B is stronger because it fully characterizes the non-empty case with the exact minimum via the recursive min_prefix function and includes loop invariants supporting that exact result, while A only states the result is a lower bound of all elements."
134,A_stronger,"A implies B’s functional postcondition and essentially the same loop facts, but A additionally specifies the sign-handling relation and the final returned value via sign * res, making it more informative."
135,B_stronger,"B implies A's termination/bounds information and additionally specifies the exact return value via a recursive power function and overflow-prevention precondition, which A does not."
137,A_stronger,"A gives a complete iff characterization of the return value, while B only provides one-way case splits implying 1 or 0 and does not explicitly state the converse behavior, so A logically implies B and is more informative."
138,equal,"Both contracts characterize the same behavior: the result is true/1 exactly when at least one of a or b is not divisible by factor, and false/0 otherwise, with only notational differences."
139,equal,"A and B specify the same output behavior for all nonzero a and b: the result is true/1 exactly when m is not divisible by a or by b, with B just splitting the same condition into exhaustive cases."
140,equal,"The two contracts state the same three mutually covering postconditions for n==1, even non-1, and odd non-1 cases, differing only in clause order and syntactic form."
141,equal,"Both contracts specify the same piecewise return value for all cases of n, just in different logical forms and with no extra functional facts beyond the redundant frame condition in B."
142,B_stronger,"B specifies both directions of the parity-to-result mapping, while A only gives the return condition for one boolean result each, so B is more informative about the function’s input-output behavior."
143,B_stronger,"B’s postconditions fully characterize the branch-dependent return value in terms of the original input time modulo 2(n-1), while A only states the precondition and assigns nothing, so B is strictly more informative about input-output behavior."
145,incomparable,"A specifies five additional overloaded behaviors for different arities and types, while B only specifies the 4-argument case (with the same result formula), so neither contract's postconditions imply the other's overall set of facts."
147,B_stronger,"B includes the same core loop behavior as A and adds stronger, more explicit invariants tying the final state to the original input, so B is more informative overall."
148,A_stronger,"A includes the non-trivial existence-of-k invariant tying the loop state to the original input as a power-of-two shift, while B only states the trivial positivity invariant plus a redundant implication about evenness, so A logically conveys more behavior."
149,B_stronger,"B implies the same prime/non-prime return behavior as A and additionally states loop invariants that preserve no-divisors-found and input preservation, so B contains strictly more informative facts."
154,A_stronger,"A includes substantial functional invariants about mpis being initialized from args, the inner DP update relationship, and result being the maximum over mpis, while B has only a trivial postcondition and weaker/partial loop facts."
158,A_stronger,"A implies B’s only postcondition (both guarantee ​result=n for n<=2), and A additionally specifies the n>2 behavior by ensuring the result is divisible by n, which B lacks."
161,B_stronger,"B includes the precise postcondition that the returned value is the first index with a mismatch when one exists, while A only guarantees the result lies in a range, so B logically implies more about the function’s output behavior."
169,A_stronger,"A and B both specify the same core result bounds, but A additionally allows the empty-array case and avoids B’s extra fixed input-size constraint, so A does not imply B while B’s functional content is otherwise mostly just framing/equality of inputs."
172,B_stronger,"B includes all of A’s meaningful postcondition behavior and adds extra invariants/constraints about array bounds and preserved parameters, while A’s only nontrivial postcondition is the p==0 => -1 case."
173,A_stronger,"A includes the same key behavioral postcondition as B but adds the stronger bounds and invariant facts tying result/tmp to Array/n and count, whereas B only states nonnegativity and the sum relation."
174,A_stronger,"A’s postcondition precisely constrains the result to be 0 for empty arrays and a valid index otherwise, while B’s result condition is weaker and A lacks B’s extra input-range preconditions and triviality."
175,A_stronger,"A’s postcondition characterizes successful results with the exact returned index being the last occurrence, while B only says the next element differs and adds weaker/tautological absence clauses, so A logically implies B but not vice versa."
177,B_stronger,"B includes all of A’s postcondition facts and adds substantially more information, notably sortedness/read-only framing plus the exact last-occurrence characterization when the result is not -1."
179,A_stronger,"A includes the extra postcondition that the entire array is unchanged, while B only constrains the return value and has no corresponding functional postcondition about array contents."
180,A_stronger,"A implies B’s only substantive postcondition (\result is nonnegative) and additionally specifies the exact zero/nonzero result cases plus full array-immutability, whereas B adds no comparable output constraint beyond nonnegativity."
181,A_stronger,"A includes the same functional result bounds as B and additionally specifies the special case count==0 ==> result==0 directly as a postcondition, while B’s extra preconditions and loop invariants are mostly framing/state facts rather than stronger I/O behavior."
182,A_stronger,"A implies B’s postcondition but is stronger because it additionally requires the array to be sorted and its loop invariant captures the search interval bounds more precisely, while B lacks that sortedness fact."
183,A_stronger,"A and B share the core input-output facts about returning 0 when n==0, but A additionally guarantees 1<=result<=n for n>0, whereas B has only a weaker and irrelevant n<0 postcondition that does not characterize the actual behavior."
185,B_stronger,"B implies the same first-occurrence postcondition as A and additionally includes more precise array-bounds/domain constraints and explicit loop invariants, so it is strictly more informative."
190,B_stronger,"B implies A’s successful-search and not-found behavior while also adding stronger precondition, full array/pointer preservation, and explicit input-unchanged invariants/ensures that A lacks."
192,A_stronger,"A includes the non-trivial postcondition that the result is always nonnegative, while B only constrains the input/old count and lacks any result property, so A logically implies B’s functional content but not vice versa."
193,A_stronger,"A includes the loop facts that the arrays are non-null, correctly sized, initialized at indices 0 and 1, and their referenced entries remain nonnegative, while B only states index bounds and lengths, so A logically implies B and is more informative."
200,B_stronger,"B implies all of A’s substantive post/loop facts and additionally gives stronger loop invariants about index bounds and the initial start/end state, plus explicit array validity and size constraints."
205,B_stronger,"B has all the essential non-trivial preservation facts of A and additionally gives stronger bounds and explicit loop invariants over indices/array contents, while A’s extra result bound is weaker and largely redundant."
209,B_stronger,"B is more informative because it includes the same essential post-state behavior about returning arr[width] after the loop while A only constrains preservation of inputs and output bounds, whereas B also fixes more frame/loop state and the returned value context."
211,A_stronger,"A implies B’s useful facts about nonnegative result and array immutability while also adding the stronger bound “result - 1 <= n” and explicit preservation of the full array contents, whereas B’s extra clauses are mostly redundant or weaker."
213,B_stronger,"B implies all of A’s substantive guarantees about array/range immutability and bounded index behavior, and additionally fixes the overall frame with explicit assigns/unchanged conditions and loop invariants over more state."
215,B_stronger,"B includes A’s postcondition that the result is -1 or a matching index within bounds, and additionally gives stronger loop invariants (e.g. p<i and extra state/initialization facts), so B logically implies A while adding non-trivial information."
217,B_stronger,"B implies A’s postcondition via its stronger state-preservation and loop-invariant facts, while also adding non-trivial invariants about unchanged inputs and initial-state relationships that A lacks."
219,equal,"Both contracts specify the same functional behavior: returning -1 or an index of a matching array element, with B adding preconditions and loop invariants that are either verifier-side setup or direct equivalents of A’s postcondition facts."
220,B_stronger,"B implies A’s trivial postcondition and additionally specifies a nontrivial partial-correctness result, sortedness/validity preconditions, and detailed loop invariants about bounds and result location that A lacks."
227,B_stronger,"B strictly implies A’s only postcondition and adds the non-trivial exact-result characterization for all b>=1, whereas A only specifies the b==0 case."
236,A_stronger,"A’s contract states the essential postcondition that the result is either -1 or a valid index below n with arr[result]==x, while B’s extra clauses are mostly redundant or precondition/configuration artifacts and do not add stronger output behavior facts."
237,A_stronger,"A includes the sortedness precondition and precise postconditions relating the return value to x and the array contents, while B only provides loop invariants and no comparable functional ensures, so A is more informative."
242,A_stronger,"A includes the full max/min tracking invariants needed to characterize the return value, while B adds only weaker extra input-frame facts such as array bounds and unchanged-memory invariants, so A’s loop content logically implies B’s core behavior but not vice versa."
249,A_stronger,"A gives a concrete functional postcondition on the result bounds, while B’s postcondition is tautological and its loop invariants are mostly frame facts with a weaker conditional bound, so A is strictly more informative."
250,A_stronger,"A’s contract includes the meaningful postcondition that the result lies in [start, stop+1] and loop invariants supporting it, whereas B’s only postcondition is tautological and its extra facts are mostly preconditions or trivial invariants."
251,B_stronger,"B implies A’s result range postcondition and adds substantially more specific behavior and preservation facts (especially conditional result characterization and array/input immutability), whereas A only states the basic result bounds."
254,B_stronger,"B implies A’s postcondition about the result range and adds extra functional facts such as the exact result when start > end plus array preservation and same_array, whereas A states only the result bounds."
255,equal,"Both contracts specify only the same observable postcondition that the returned insertion index lies within the array bounds, while B’s extra loop invariants are either redundant initialization facts or do not add a stronger functional characterization."
256,B_stronger,"B is stronger because it includes A’s result-bounds guarantee and frame stability, plus the crucial sortedness precondition on the array that materially constrains the function’s behavior, while A lacks that extra input structure."
257,A_stronger,"A implies B’s key functional fact that the result is either a matching index or the insertion position within a sorted array, while B only guarantees the result is within bounds and lacks A’s conditional ordering/equality postconditions."
259,B_stronger,"B includes the exact fixed-point postcondition for any nonnegative result and additional loop invariants tying state to the pre-state, while A only guarantees fixed-point correctness for nonzero in-range results and omits the stronger invariant detail."
261,incomparable,"A specifies a sorted-array right-insertion/binary-search behavior with detailed result relations to x and array contents, while B only specifies a trivial counting loop result (esult == n), so neither contract logically implies the other."
262,A_stronger,"A fully specifies a left-insertion index in a sorted array with ordering-related postconditions, while B only specifies that main returns 0 and contains no meaningful functional behavior beyond a trivial loop invariant."
263,B_stronger,"B has the same postcondition as A but also includes the extra loop-invariant fact `end < start ==> start == end + 1`, making it strictly more informative."
264,B_stronger,"B states the full arithmetic characterization of when the sequence is linear via the loop invariant and postcondition, while A only specifies the two possible return strings and the special case for length 1."
268,B_stronger,"B is strictly more informative because it captures the full recursive input-output relation for all count values via the seq_div specification, while A only states the special case count==2 and the shared loop facts are otherwise similar."
270,B_stronger,"B includes A’s loop facts and additionally relates the returned value to the recursive specification seq_value via the logic definition, while A has only a trivial postcondition true."
272,B_stronger,"B includes all of A’s functional postcondition about returning YES/NO based on all elements matching, and additionally states the array is unchanged and the loop maintains a stronger invariant tying current values to the pre-state plus bounds/element-range assumptions."
274,B_stronger,"B is stronger because it includes A’s functional behavior and additionally specifies the exact mathematical result via a recursive postcondition and loop invariant, plus extra input constraints that A lacks."
276,B_stronger,"B includes all of A’s informative facts about the loop and adds stronger invariants fixing dp[0], dp[1], and dp[2], while A’s only extra postcondition is trivial ensures true."
277,equal,"Both contracts characterize the same behavior: a nonnegative result that is one of the array elements, with B adding only redundant pre/post facts and stronger-looking preconditions that do not change the proved input-output relation."
280,B_stronger,"B implies A’s postconditions (non-null, returns Even/Odd, and Even when number==0) and adds the stronger functional invariant result == divcount(number, c-1), which precisely characterizes the computation."
281,B_stronger,"B is stronger because it includes the exact divisor-count invariant and the precondition num >= 1, while A only guarantees the return is either ""Even"" or ""Odd""."
282,B_stronger,"B includes the same observable postcondition about returning either ""Even"" or ""Odd"" and adds an explicit loop invariant tying the loop state to the pre-state of num, while A’s extra invariant facts are weaker/less informative and do not add beyond B’s content."
283,A_stronger,"A gives a precise input-output relation for the returned array element and includes loop invariants about the scan index, while B provides no functional postcondition at all beyond a frame condition and an unused logic definition."
284,A_stronger,"A implies B’s nontrivial postcondition that the array is unchanged and result is nonnegative, and A additionally constrains the result to be at most the first element (with a stronger array-length precondition), which B does not."
285,A_stronger,"A guarantees the result is one of exactly two strings and gives the loop invariants supporting that computation, while B only states the result is non-null, so A implies B and contains strictly more informative behavior."
286,B_stronger,"B includes the array-bounds safety invariant and a stronger inductive functional invariant over all computed indices, while A mainly states the final recurrence setup and is less explicit about the intermediate state."
287,B_stronger,"B precisely specifies the full Jacobsthal recurrence for all inputs via foo179_seq, while A only gives nonnegativity and the special case c==1, so B’s contract implies A’s but not vice versa."
289,equal,"Both contracts characterize the same recurrence-based function behavior for c>=1, with the only extra details in B being loop-state invariants that are equivalent to A’s inductive array facts and do not add a distinct output property."
290,B_stronger,"B is strictly more informative because it characterizes the exact result as seqN(c) and gives stronger loop invariants tying the loop variables to the recurrence, whereas A only specifies the special case c==1 and otherwise leaves the output unconstrained."
291,B_stronger,"B is stronger because it fully specifies the exact output as seq(c) for all c>=0, while A only states ​esult>=1 and the special case c==1 => esult==1."
295,B_stronger,"B precisely specifies the returned value as fib(num) and includes a full inductive invariant linking every computed array element to fib(k), whereas A’s postcondition is vacuous and its invariants are much weaker."
296,incomparable,"A and B both specify the Lucas-style recurrence, but A only states a trivial postcondition while B gives a precise functional result relation and stronger loop invariants, so neither contract’s facts logically subsume the other overall under the given rubric."
297,B_stronger,"B precisely specifies the exact Lucas-like recurrence result via esult == fib_like(seed) and stronger loop invariants tying the state to the mathematical sequence, while A only guarantees a lower bound and a special case for seed == 1."
298,A_stronger,"A specifies the key functional relationship between the returned index and array contents on both sides of the answer, while B only constrains a few bounds and frame facts plus a tautological postcondition, so A is strictly more informative."
299,B_stronger,"B includes all of A’s functional bounds on the result and adds extra non-trivial guarantees and loop invariants about the array length/value constraints and special-case behavior for array<=1, whereas A only constrains the result range."
301,A_stronger,"A implies B’s bounded-result facts but also adds the non-trivial peak property on the returned index (and matching loop invariants), which B lacks."
302,B_stronger,"B specifies the exact result value via esult == fib2(n) and maintains stronger loop facts connecting every computed dp[k] to fib2(k), whereas A only guarantees the result is at least 1 and has weaker invariants."
303,B_stronger,"B precisely characterizes the returned value as the n-th term of the recursive sequence and carries stronger loop invariants tying state variables to that sequence, while A only guarantees a nontrivial lower bound on the result."
305,parse_error,"{""verdict"":""A_stronger"",""reason"":""A implies B’s meaningful output bound \(0 <= result < n\) and additionally constrains the result to be within the array prefix length, while B adds only mostly frame/"
306,B_stronger,"B contains the same core Lucas-sequence facts as A and adds a stronger, more explicit inductive characterization via lucas_val plus an extra size bound relation, so B more precisely constrains the function behavior."
307,A_stronger,"A specifies the exact returned value as the maximum positive element or 0 when none exists, while B only ties the result to an auxiliary recursive max_prefix definition and has weaker, mostly redundant framing/invariant facts."
308,A_stronger,"A precisely specifies the returned value as the maximum positive element or 0 when none exists, while B only states that the array inputs are unchanged and gives essentially no functional relation between inputs and result."
309,B_stronger,"B precisely specifies the result as the prefix maximum via a recursive logic function and links the loop state to that exact value, while A only gives partial bounds and existence/nonexistence properties that are weaker than the full functional characterization."
313,A_stronger,"A guarantees the stronger postcondition that the result is bounded above by (2*count)^2 and equals 0 when count is 0, while B only guarantees non-negativity, so A logically implies B and adds extra non-trivial facts."
315,A_stronger,"A guarantees the nontrivial postcondition esult >= 0 with no additional functional characterization, while B adds only the weaker/tautological nonnegativity facts plus the recursive esult >= max_volume(s,s), so A’s contract is not implied by B and B’s extra facts do not make it stronger overall."
316,equal,"Both contracts express the same functional facts: the special case number==1 returns 1, otherwise the result is non-negative, and the loop invariant content is equivalent after ignoring syntax differences."
319,B_stronger,"B includes the same core behavior of swapping to scan divisors and computing the quotient, but it additionally specifies the loop invariant and the exact lcm-of-pair mathematical intent via the helper logic definitions, while A’s postconditions are much weaker and mostly non-informative."
320,B_stronger,"B encodes the actual mathematical postcondition that the result is the least common multiple via the supporting divisibility predicates, whereas A only states nonnegativity and a zero-case, so B implies more specific behavior and is strictly more informative."
322,B_stronger,"B’s contract is strictly more informative because it includes meaningful input constraints and postconditions/loop invariants about divisibility and preservation of x*y, while A’s only functional postcondition is trivially true and adds no output behavior facts beyond the loop invariant."
323,A_stronger,"A includes the nontrivial exact count characterization for n>2 in addition to nonnegativity, while B only constrains the special case n==1 and nonnegativity otherwise, so A logically implies more about the result."
327,B_stronger,"B includes the same broad output bounds as A but also adds precise relational invariants for the first loop (e.g. fact == prod2(2, i - 1) and the post-loop characterization), which A lacks, so B is more informative overall."
330,A_stronger,"A captures the same main behavior but B only states loop invariants about intermediate variables, while A’s specification is simpler and the implied post-state behavior is no weaker under the rubric."
335,B_stronger,"B includes the same two branch postconditions as A and additionally gives a precise loop invariant characterizing the accumulated product modulo 10, which A lacks."
341,equal,"Both contracts specify the same postcondition/invariant content: they prove the result is the count of divisors up to the absolute value of z, with matching loop invariants and no substantive additional facts in either one."
347,B_stronger,"B implies A’s observable result characterization via the exact recursive divisor-count postcondition and also includes stronger loop invariants tying count, x, and normalized y to the pre-state, whereas A only states the final count indirectly through weaker bounds/invariants."
360,equal,Both contracts capture the same substantive facts about the loop state and postcondition—especially the identical invariants total == c/2 and average == total * total with the same precondition size >= 1—so neither implies a strictly richer behavior description than the other.
361,incomparable,"A gives a precise postcondition on the returned value (\result == size/2 + 1) that B lacks, while B provides a stronger loop characterization with additional invariants such as nonnegativity of average/total and size stability that A does not express."
362,incomparable,"A and B prove different postconditions: A specifies the returned quotient as (size/2)+1, while B characterizes the loop state with exact sums/counts and only implies the returned value indirectly, so neither contract’s facts logically subsume the other."
363,parse_error,"{""verdict"":""A_stronger"",""reason"":""A states a precise output relation (\uresult == size/2 + 1) that B does not, while B’s only postcondition repeats a precondition-like existence fact and its loop inva"
364,B_stronger,B is more informative because it preserves the same modulo-7 postcondition behavior while adding a precise case split on the dividend ranges that characterizes the computation more tightly than A's single summary equation.
365,B_stronger,"B states a stronger loop-level characterization of the running sum via the recursive odd_sum_upto definition and a precise count invariant, whereas A only gives the weaker arithmetic relation sum == count*count plus a looser count bound."
366,parse_error,"{""verdict"":""A_stronger"",""reason"":""A gives the concrete postcondition implied by the loop behavior and return value context via its counted-even loop invariant, while B has only \ensure{\true} and thus"
367,B_stronger,"B is more precise because it specifies the no-divisor-found case via the conditional postcondition and preserves additional loop facts about prior candidates and the unchanged input value, while A only states the result is a divisor in the range 2..n."
368,incomparable,"A is stronger on output behavior because it guarantees 0 <= result < p and has more informative loop invariants, while B has the additional loop invariant n >= r that A does not entail."
369,B_stronger,"B is strictly more informative because its loop/spec facts characterize the returned value as the last number up to value matching the modulus condition (and zero iff none exists), whereas A only guarantees a nonnegative result and a weaker loop relation."
370,B_stronger,"B specifies that the result is the last matching index in [1..value] (or 0 if none), including a universal no-later-match condition, while A only says the result is between 0 and value and either 0 or congruent to z modulo k."
371,A_stronger,"A specifies the exact returned value range and the modular relation on the result, while B only states a one-way property for the zero-result case plus loop invariants about the last matching position, so A logically implies more output behavior information than B."
372,equal,"Both contracts specify the same functional behavior: under the nonnegative/positive input requirement, the result is exactly the number of divisors of the input, and A’s loop invariant is equivalent to B’s prefix-count invariant rather than adding a stronger postcondition."
375,B_stronger,"B is stronger because it includes A’s guarantee that the result is at least 1 and adds more informative loop invariants tying the loop variables to the pre-state and the min-reduction of p, whereas A only states weaker generic bounds."
376,A_stronger,"A states the non-trivial postcondition that the result is at least 1, while B provides only loop invariants about the loop state and no stronger output characterization, so A’s contract is more informative."
378,B_stronger,"B is more informative because it includes the precise loop invariant relating `sum` to the recursive `odd_prefix_sum` over the processed prefix, which A lacks, while A only provides a termination variant and no functional postcondition content."
379,B_stronger,"B states the exact recursive sum specification via the postcondition-implied logic of the loop invariants and also constrains the admissible input range, while A only shows the loop structure and decreasing variant without an explicit functional summary."
380,B_stronger,"B is stronger because it specifies the exact returned value via a recursive mathematical function and a matching loop invariant, while A only guarantees the result is nonnegative."
381,B_stronger,"B gives an exact recursive characterization of the running count in the loop invariant, which is strictly more informative than A’s coarse bounds on the result and loop index."
385,B_stronger,"B’s postcondition precisely constrains any nonnegative result to be within range and divisible by m, whereas A only states the special case that a negative input implies -1, so B implies strictly more about the output behavior."
387,A_stronger,"A and B both guarantee only very limited behavior when the loop runs, but A additionally constrains the result to be a digit whenever r>0, whereas B only characterizes the r<=0 case and mostly states invariants about unchanged inputs."
388,B_stronger,"B implies all of A’s stated facts via its loop invariants and additionally specifies the returned value when the initial r is nonpositive plus more detailed state preservation, while A only gives preconditions and simple invariants."
389,B_stronger,"B includes all of A’s meaningful output facts (result remains 0 when the initial n is nonpositive, and otherwise is a digit) and additionally constrains loop-state evolution with stronger invariants about q, n, and the initial-state case, so B more precisely characterizes behavior."
390,B_stronger,"B includes the same loop bound invariant as A and additionally specifies the exact postcondition via the recursive product definition, making its input-output behavior strictly more precise."
392,B_stronger,"B includes the non-trivial loop invariant ret > 0 (and a more explicit frame/invariant set) that A lacks, while A’s contract is only a weaker bounded-input precondition with no stronger behavioral postcondition."
397,A_stronger,"A gives a meaningful precondition and loop invariant constraining the iteration, while B’s functional contract is only ensures true, so A is strictly more informative."
398,B_stronger,"B includes all of A’s observable postcondition information about the result being nonnegative, and additionally specifies several loop invariants relating the evolving input and result to the pre-state, making it more informative overall."
399,A_stronger,"A guarantees the postcondition that a positive input yields a nonnegative result, while B only states loop invariants about nonnegativity and value monotonicity and lacks an equivalent postcondition, so A is more informative about input-output behavior."
