weak_input_path,bench,case_id,models_failed,models,weak_hits,categories,example_reason,source,example_summary,example_candidate
input/weak/FormalBench_10.c,FormalBench,10,5,gpt-4o;gpt-5-mini;gpt-5-nano;gpt-5.4-mini;gpt-5.4-nano,5,missing_return_semantics;weak_loop_invariant;missing_effect_semantics;vacuous,"Missing function-level postcondition for a non-void function, and the loop invariants are far too weak (only bounds) to characterize the array transformation or returned value.",/home/yangfp/SESpec/src/input/FormalBench/10.c,results/matrix_runs/20260503_050609/sespec_default/FormalBench/gpt-5-mini/10/20260504_003918_100953_4b082bf4/summary.json,/home/yangfp/SESpec/src/results/matrix_runs/20260503_050609/sespec_default/FormalBench/gpt-5-mini/10/20260504_003918_100953_4b082bf4/foo10.c
input/weak/FormalBench_11.c,FormalBench,11,5,gpt-4o;gpt-5-mini;gpt-5-nano;gpt-5.4-mini;gpt-5.4-nano,5,missing_return_semantics;weak_loop_invariant;missing_effect_semantics,"Missing function-level postcondition for a non-void function, and the loop invariants are far too weak to characterize the first loop’s effect on positions or justify the returned value.",/home/yangfp/SESpec/src/input/FormalBench/11.c,results/matrix_runs/20260503_050609/sespec_default/FormalBench/gpt-5-mini/11/20260504_004350_100953_f32eaa7c/summary.json,/home/yangfp/SESpec/src/results/matrix_runs/20260503_050609/sespec_default/FormalBench/gpt-5-mini/11/20260504_004350_100953_f32eaa7c/foo11.c
input/weak/FormalBench_12.c,FormalBench,12,5,gpt-4o;gpt-5-mini;gpt-5-nano;gpt-5.4-mini;gpt-5.4-nano,5,missing_return_semantics;weak_loop_invariant;missing_effect_semantics;vacuous,"Missing function-level postcondition for the non-void function, and the loop invariants are too weak to determine the computed return value or full effect on positions.",/home/yangfp/SESpec/src/input/FormalBench/12.c,results/matrix_runs/20260503_050609/sespec_default/FormalBench/gpt-5-mini/12/20260504_005834_100953_90028305/summary.json,/home/yangfp/SESpec/src/results/matrix_runs/20260503_050609/sespec_default/FormalBench/gpt-5-mini/12/20260504_005834_100953_90028305/foo12.c
input/weak/FormalBench_13.c,FormalBench,13,5,gpt-4o;gpt-5-mini;gpt-5-nano;gpt-5.4-mini;gpt-5.4-nano,5,missing_return_semantics;missing_effect_semantics;weak_loop_invariant;vacuous,"Missing function-level postcondition for non-void function, and loop invariants are far too weak: they only preserve bounds/validity and do not specify the effect on arr or what value is returned.",/home/yangfp/SESpec/src/input/FormalBench/13.c,results/matrix_runs/20260503_050609/sespec_default/FormalBench/gpt-5-mini/13/20260504_011437_100953_c0d2f3e1/summary.json,/home/yangfp/SESpec/src/results/matrix_runs/20260503_050609/sespec_default/FormalBench/gpt-5-mini/13/20260504_011437_100953_c0d2f3e1/foo13.c
input/weak/FormalBench_20.c,FormalBench,20,5,gpt-4o;gpt-5-mini;gpt-5-nano;gpt-5.4-mini;gpt-5.4-nano,5,missing_return_semantics;weak_loop_invariant;missing_effect_semantics,"Missing function-level postcondition for this non-void function, and the loop invariants give only bounds on r/stop without specifying the computed return value or full loop effect.",/home/yangfp/SESpec/src/input/FormalBench/20.c,results/matrix_runs/20260503_050609/sespec_default/FormalBench/gpt-5-mini/20/20260504_020844_100953_c2a1cd2b/summary.json,/home/yangfp/SESpec/src/results/matrix_runs/20260503_050609/sespec_default/FormalBench/gpt-5-mini/20/20260504_020844_100953_c2a1cd2b/foo20.c
input/weak/FormalBench_22.c,FormalBench,22,5,gpt-4o;gpt-5-mini;gpt-5-nano;gpt-5.4-mini;gpt-5.4-nano,5,missing_return_semantics;weak_loop_invariant;missing_effect_semantics,"Missing function postcondition for a non-void function, and the loop invariant `result + tmp == count` is far too weak to characterize which element is returned or the full loop effect.",/home/yangfp/SESpec/src/input/FormalBench/22.c,results/matrix_runs/20260503_050609/sespec_default/FormalBench/gpt-5-mini/22/20260504_021819_100953_73498ef9/summary.json,/home/yangfp/SESpec/src/results/matrix_runs/20260503_050609/sespec_default/FormalBench/gpt-5-mini/22/20260504_021819_100953_73498ef9/foo22.c
input/weak/FormalBench_23.c,FormalBench,23,5,gpt-4o;gpt-5-mini;gpt-5-nano;gpt-5.4-mini;gpt-5.4-nano,5,missing_return_semantics;weak_loop_invariant;missing_effect_semantics,Function has a return value but no ensures/postcondition describing the returned result; the lone loop invariant `s + result == count` is far too weak to specify what value is computed.,/home/yangfp/SESpec/src/input/FormalBench/23.c,results/matrix_runs/20260503_050609/sespec_default/FormalBench/gpt-5-mini/23/20260504_022328_100953_86b2dea5/summary.json,/home/yangfp/SESpec/src/results/matrix_runs/20260503_050609/sespec_default/FormalBench/gpt-5-mini/23/20260504_022328_100953_86b2dea5/foo23.c
input/weak/FormalBench_24.c,FormalBench,24,5,gpt-4o;gpt-5-mini;gpt-5-nano;gpt-5.4-mini;gpt-5.4-nano,5,missing_return_semantics;weak_loop_invariant;missing_effect_semantics,"Missing function-level postcondition for a non-void function, and the loop invariants give only bounds/relations on counters, not the full computed return behavior.",/home/yangfp/SESpec/src/input/FormalBench/24.c,results/matrix_runs/20260503_050609/sespec_default/FormalBench/gpt-5-mini/24/20260504_022816_100953_ec06ad66/summary.json,/home/yangfp/SESpec/src/results/matrix_runs/20260503_050609/sespec_default/FormalBench/gpt-5-mini/24/20260504_022816_100953_ec06ad66/foo24.c
input/weak/FormalBench_26.c,FormalBench,26,5,gpt-4o;gpt-5-mini;gpt-5-nano;gpt-5.4-mini;gpt-5.4-nano,5,missing_return_semantics;weak_loop_invariant;missing_effect_semantics,"Missing function-level postcondition for a non-void function, and the loop invariants are far too weak to characterize the search result or final return value.",/home/yangfp/SESpec/src/input/FormalBench/26.c,results/matrix_runs/20260503_050609/sespec_default/FormalBench/gpt-5-mini/26/20260504_023750_100953_b47d8a13/summary.json,/home/yangfp/SESpec/src/results/matrix_runs/20260503_050609/sespec_default/FormalBench/gpt-5-mini/26/20260504_023750_100953_b47d8a13/foo26.c
input/weak/FormalBench_27.c,FormalBench,27,5,gpt-4o;gpt-5-mini;gpt-5-nano;gpt-5.4-mini;gpt-5.4-nano,5,weak_loop_invariant;missing_return_semantics;missing_effect_semantics,"The function returns a value but has no postcondition/behavior contract describing what result is returned for found or not-found cases, so the semantics are not specified at all.",/home/yangfp/SESpec/src/input/FormalBench/27.c,results/matrix_runs/20260503_050609/sespec_default/FormalBench/gpt-5-mini/27/20260504_024406_100953_89bd1038/summary.json,/home/yangfp/SESpec/src/results/matrix_runs/20260503_050609/sespec_default/FormalBench/gpt-5-mini/27/20260504_024406_100953_89bd1038/foo27.c
input/weak/FormalBench_28.c,FormalBench,28,5,gpt-4o;gpt-5-mini;gpt-5-nano;gpt-5.4-mini;gpt-5.4-nano,5,missing_return_semantics;weak_loop_invariant;missing_effect_semantics,"The function returns a value but has no postcondition describing the returned index or -1 case, and the loop invariant only gives simple bounds, not the full search semantics.",/home/yangfp/SESpec/src/input/FormalBench/28.c,results/matrix_runs/20260503_050609/sespec_default/FormalBench/gpt-5-mini/28/20260504_025747_100953_459de1db/summary.json,/home/yangfp/SESpec/src/results/matrix_runs/20260503_050609/sespec_default/FormalBench/gpt-5-mini/28/20260504_025747_100953_459de1db/foo28.c
input/weak/FormalBench_29.c,FormalBench,29,5,gpt-4o;gpt-5-mini;gpt-5-nano;gpt-5.4-mini;gpt-5.4-nano,5,weak_loop_invariant;missing_effect_semantics;missing_return_semantics;vacuous,"Missing function-level postcondition for a non-void function, and the loop invariant is far too weak to determine the returned value or full loop effect.",/home/yangfp/SESpec/src/input/FormalBench/29.c,results/matrix_runs/20260503_050609/sespec_default/FormalBench/gpt-5-mini/29/20260504_031032_100953_90e2e0d3/summary.json,/home/yangfp/SESpec/src/results/matrix_runs/20260503_050609/sespec_default/FormalBench/gpt-5-mini/29/20260504_031032_100953_90e2e0d3/foo29.c
input/weak/FormalBench_30.c,FormalBench,30,5,gpt-4o;gpt-5-mini;gpt-5-nano;gpt-5.4-mini;gpt-5.4-nano,5,weak_loop_invariant;missing_return_semantics;vacuous;missing_effect_semantics,"The only contract is `ensures \true;`, which imposes no behavioral constraint on the returned value, so the function semantics are completely unspecified.",/home/yangfp/SESpec/src/input/FormalBench/30.c,results/matrix_runs/20260503_050609/sespec_default/FormalBench/gpt-5-mini/30/20260504_032002_100953_72870a81/summary.json,/home/yangfp/SESpec/src/results/matrix_runs/20260503_050609/sespec_default/FormalBench/gpt-5-mini/30/20260504_032002_100953_72870a81/foo30.c
input/weak/FormalBench_31.c,FormalBench,31,5,gpt-4o;gpt-5-mini;gpt-5-nano;gpt-5.4-mini;gpt-5.4-nano,5,weak_loop_invariant;missing_return_semantics;vacuous;missing_effect_semantics,"The function has a return value but its only contract is `ensures \true;`, which imposes no behavioral constraint and does not describe the returned result or loop effect at all.",/home/yangfp/SESpec/src/input/FormalBench/31.c,results/matrix_runs/20260503_050609/sespec_default/FormalBench/gpt-5-mini/31/20260504_032536_100953_41c47366/summary.json,/home/yangfp/SESpec/src/results/matrix_runs/20260503_050609/sespec_default/FormalBench/gpt-5-mini/31/20260504_032536_100953_41c47366/foo31.c
input/weak/FormalBench_32.c,FormalBench,32,5,gpt-4o;gpt-5-mini;gpt-5-nano;gpt-5.4-mini;gpt-5.4-nano,5,missing_return_semantics;weak_loop_invariant;missing_effect_semantics,"Missing function postcondition for this non-void function, and the loop invariants only track bounds/count relation, not the computed kth-merge semantics or returned value.",/home/yangfp/SESpec/src/input/FormalBench/32.c,results/matrix_runs/20260503_050609/sespec_default/FormalBench/gpt-5-mini/32/20260504_033207_100953_5cbf941d/summary.json,/home/yangfp/SESpec/src/results/matrix_runs/20260503_050609/sespec_default/FormalBench/gpt-5-mini/32/20260504_033207_100953_5cbf941d/foo32.c
input/weak/FormalBench_33.c,FormalBench,33,5,gpt-4o;gpt-5-mini;gpt-5-nano;gpt-5.4-mini;gpt-5.4-nano,5,weak_loop_invariant;missing_return_semantics;vacuous;missing_effect_semantics,"Missing function-level contract for a non-void function, and the loop invariants are far too weak to characterize what sum computes or the full effect of the loop.",/home/yangfp/SESpec/src/input/FormalBench/33.c,results/matrix_runs/20260503_050609/sespec_default/FormalBench/gpt-5-mini/33/20260504_034111_100953_8489ace4/summary.json,/home/yangfp/SESpec/src/results/matrix_runs/20260503_050609/sespec_default/FormalBench/gpt-5-mini/33/20260504_034111_100953_8489ace4/foo33.c
input/weak/FormalBench_34.c,FormalBench,34,5,gpt-4o;gpt-5-mini;gpt-5-nano;gpt-5.4-mini;gpt-5.4-nano,5,missing_return_semantics;weak_loop_invariant;missing_effect_semantics;vacuous,"The function returns a value but has no postcondition describing that result, and the loop invariants give only bounds on r/top rather than the full computed relation, so the semantics are underspecified.",/home/yangfp/SESpec/src/input/FormalBench/34.c,results/matrix_runs/20260503_050609/sespec_default/FormalBench/gpt-5-mini/34/20260504_034620_100953_0bacc191/summary.json,/home/yangfp/SESpec/src/results/matrix_runs/20260503_050609/sespec_default/FormalBench/gpt-5-mini/34/20260504_034620_100953_0bacc191/foo34.c
input/weak/FormalBench_35.c,FormalBench,35,5,gpt-4o;gpt-5-mini;gpt-5-nano;gpt-5.4-mini;gpt-5.4-nano,5,weak_loop_invariant;missing_return_semantics;missing_effect_semantics;vacuous,"The function has a return value but the contract gives no postcondition describing the result, and the loop invariants are only simple bounds on r/top, far too weak to specify what the loop computes.",/home/yangfp/SESpec/src/input/FormalBench/35.c,results/matrix_runs/20260503_050609/sespec_default/FormalBench/gpt-5-mini/35/20260504_035000_100953_a1cd1bd8/summary.json,/home/yangfp/SESpec/src/results/matrix_runs/20260503_050609/sespec_default/FormalBench/gpt-5-mini/35/20260504_035000_100953_a1cd1bd8/foo35.c
input/weak/FormalBench_36.c,FormalBench,36,5,gpt-4o;gpt-5-mini;gpt-5-nano;gpt-5.4-mini;gpt-5.4-nano,5,missing_return_semantics;weak_loop_invariant;missing_effect_semantics;vacuous,"The function has a return value but its contract gives no postcondition describing the result, and the loop invariant is far too weak to characterize what the loop computes.",/home/yangfp/SESpec/src/input/FormalBench/36.c,results/matrix_runs/20260503_050609/sespec_default/FormalBench/gpt-5-mini/36/20260504_035431_100953_b55b77de/summary.json,/home/yangfp/SESpec/src/results/matrix_runs/20260503_050609/sespec_default/FormalBench/gpt-5-mini/36/20260504_035431_100953_b55b77de/foo36.c
input/weak/FormalBench_37.c,FormalBench,37,5,gpt-4o;gpt-5-mini;gpt-5-nano;gpt-5.4-mini;gpt-5.4-nano,5,weak_loop_invariant;missing_return_semantics;missing_effect_semantics;vacuous,"The function contract is vacuous and does not specify the returned index/search semantics, and the loop invariant only gives bounds, not the full effect of the binary search.",/home/yangfp/SESpec/src/input/FormalBench/37.c,results/matrix_runs/20260503_050609/sespec_default/FormalBench/gpt-5-mini/37/20260504_035736_100953_790a1b4a/summary.json,/home/yangfp/SESpec/src/results/matrix_runs/20260503_050609/sespec_default/FormalBench/gpt-5-mini/37/20260504_035736_100953_790a1b4a/foo37.c
input/weak/SV_COMP_4.c,SV_COMP,4,5,gpt-4o;gpt-5-mini;gpt-5-nano;gpt-5.4-mini;gpt-5.4-nano,5,missing_return_semantics;missing_effect_semantics,"The contract is semantically wrong/incomplete: it says assigns \nothing, but evaluating 10.0 / i can have observable behavior/undefinedness issues (e.g. division by zero), and the spec omits any precondition or behavior for those inputs.",/home/yangfp/SESpec/src/input/SV_COMP/4.c,results/matrix_runs/20260503_050609/sespec_default/SV_COMP/gpt-5-mini/4/20260503_051328_100953_ca9700a2/summary.json,/home/yangfp/SESpec/src/results/matrix_runs/20260503_050609/sespec_default/SV_COMP/gpt-5-mini/4/20260503_051328_100953_ca9700a2/foo4.c
input/weak/SV_COMP_7.c,SV_COMP,7,5,gpt-4o;gpt-5-mini;gpt-5-nano;gpt-5.4-mini;gpt-5.4-nano,5,missing_return_semantics;weak_loop_invariant,The contract is incomplete: it specifies the -1 and 0 cases but omits the remaining behavior that for 0 <= size < 4 the function returns 1.,/home/yangfp/SESpec/src/input/SV_COMP/7.c,results/matrix_runs/20260503_050609/sespec_default/SV_COMP/gpt-5-mini/7/20260503_051407_100953_eefaf86c/summary.json,/home/yangfp/SESpec/src/results/matrix_runs/20260503_050609/sespec_default/SV_COMP/gpt-5-mini/7/20260503_051407_100953_eefaf86c/foo7.c
input/weak/SV_COMP_8.c,SV_COMP,8,5,gpt-4o;gpt-5-mini;gpt-5-nano;gpt-5.4-mini;gpt-5.4-nano,5,missing_return_semantics,"The contract is incomplete: it specifies only the size<0 and size>=4 cases, but gives no behavior for 0<=size<4, where the function returns 1.",/home/yangfp/SESpec/src/input/SV_COMP/8.c,results/matrix_runs/20260503_050609/sespec_default/SV_COMP/gpt-5-mini/8/20260503_051509_100953_eb4a2da2/summary.json,/home/yangfp/SESpec/src/results/matrix_runs/20260503_050609/sespec_default/SV_COMP/gpt-5-mini/8/20260503_051509_100953_eb4a2da2/foo8.c
input/weak/SV_COMP_9.c,SV_COMP,9,5,gpt-4o;gpt-5-mini;gpt-5-nano;gpt-5.4-mini;gpt-5.4-nano,5,missing_return_semantics;weak_loop_invariant;missing_effect_semantics,"The contract is incomplete: it specifies only the out-of-bounds case (result 0) and omits the required behavior for valid indices, namely that the function returns 1.",/home/yangfp/SESpec/src/input/SV_COMP/9.c,results/matrix_runs/20260503_050609/sespec_default/SV_COMP/gpt-5-mini/9/20260503_051752_100953_198d1337/summary.json,/home/yangfp/SESpec/src/results/matrix_runs/20260503_050609/sespec_default/SV_COMP/gpt-5-mini/9/20260503_051752_100953_198d1337/foo9.c
input/weak/SV_COMP_10.c,SV_COMP,10,5,gpt-4o;gpt-5-mini;gpt-5-nano;gpt-5.4-mini;gpt-5.4-nano,5,missing_return_semantics;vacuous,The function returns a value but has no function-level contract (no ensures describing the returned result); `assigns \nothing` alone does not specify the semantics.,/home/yangfp/SESpec/src/input/SV_COMP/10.c,results/matrix_runs/20260503_050609/sespec_default/SV_COMP/gpt-5-mini/10/20260503_051955_100953_54fcd9bc/summary.json,/home/yangfp/SESpec/src/results/matrix_runs/20260503_050609/sespec_default/SV_COMP/gpt-5-mini/10/20260503_051955_100953_54fcd9bc/foo10.c
input/weak/SV_COMP_23.c,SV_COMP,23,5,gpt-4o;gpt-5-mini;gpt-5-nano;gpt-5.4-mini;gpt-5.4-nano,5,missing_return_semantics;weak_loop_invariant,"The function returns a value but the spec only says assigns \nothing; it lacks a postcondition describing the returned result, so the behavior is underspecified.",/home/yangfp/SESpec/src/input/SV_COMP/23.c,results/matrix_runs/20260503_050609/sespec_default/SV_COMP/gpt-5-mini/23/20260503_054658_100953_dcf68c1c/summary.json,/home/yangfp/SESpec/src/results/matrix_runs/20260503_050609/sespec_default/SV_COMP/gpt-5-mini/23/20260503_054658_100953_dcf68c1c/foo23.c
input/weak/SV_COMP_26.c,SV_COMP,26,5,gpt-4o;gpt-5-mini;gpt-5-nano;gpt-5.4-mini;gpt-5.4-nano,5,weak_loop_invariant;missing_effect_semantics;vacuous,"The specification is vacuous: the only postcondition is \true, so it does not describe the sorting effect on the array or the full behavior of the loop-modified memory.",/home/yangfp/SESpec/src/input/SV_COMP/26.c,results/matrix_runs/20260503_050609/sespec_default/SV_COMP/gpt-5-mini/26/20260503_054910_100953_3e7e6292/summary.json,/home/yangfp/SESpec/src/results/matrix_runs/20260503_050609/sespec_default/SV_COMP/gpt-5-mini/26/20260503_054910_100953_3e7e6292/foo26.c
input/weak/SV_COMP_32.c,SV_COMP,32,5,gpt-4o;gpt-5-mini;gpt-5-nano;gpt-5.4-mini;gpt-5.4-nano,5,missing_return_semantics,"foo32 returns a value but its contract gives no postcondition describing the result, so the function semantics are not specified at all.",/home/yangfp/SESpec/src/input/SV_COMP/32.c,results/matrix_runs/20260503_050609/sespec_default/SV_COMP/gpt-5-mini/32/20260503_060226_100953_8f4bea91/summary.json,/home/yangfp/SESpec/src/results/matrix_runs/20260503_050609/sespec_default/SV_COMP/gpt-5-mini/32/20260503_060226_100953_8f4bea91/foo32.c
input/weak/SV_COMP_35.c,SV_COMP,35,5,gpt-4o;gpt-5-mini;gpt-5-nano;gpt-5.4-mini;gpt-5.4-nano,5,missing_return_semantics;vacuous;weak_loop_invariant,"The function has a return value but its contract is only `ensures \true`, which does not describe the result or the required semantics at all.",/home/yangfp/SESpec/src/input/SV_COMP/35.c,results/matrix_runs/20260503_050609/sespec_default/SV_COMP/gpt-5-mini/35/20260503_060817_100953_80989428/summary.json,/home/yangfp/SESpec/src/results/matrix_runs/20260503_050609/sespec_default/SV_COMP/gpt-5-mini/35/20260503_060817_100953_80989428/foo35.c
input/weak/SV_COMP_36.c,SV_COMP,36,5,gpt-4o;gpt-5-mini;gpt-5-nano;gpt-5.4-mini;gpt-5.4-nano,5,missing_return_semantics,"foo36 returns an int, but its contract gives no postcondition describing the returned value or behavior on inputs; it is therefore semantically incomplete.",/home/yangfp/SESpec/src/input/SV_COMP/36.c,results/matrix_runs/20260503_050609/sespec_default/SV_COMP/gpt-5-mini/36/20260503_061310_100953_9892d10f/summary.json,/home/yangfp/SESpec/src/results/matrix_runs/20260503_050609/sespec_default/SV_COMP/gpt-5-mini/36/20260503_061310_100953_9892d10f/foo36.c
input/weak/SV_COMP_38.c,SV_COMP,38,5,gpt-4o;gpt-5-mini;gpt-5-nano;gpt-5.4-mini;gpt-5.4-nano,5,missing_return_semantics,"The contract is incomplete: it specifies results for i<10 and i>=20 but leaves the case 10<=i<20 unspecified, where the function should return 0.",/home/yangfp/SESpec/src/input/SV_COMP/38.c,results/matrix_runs/20260503_050609/sespec_default/SV_COMP/gpt-5-mini/38/20260503_061605_100953_1b8a3301/summary.json,/home/yangfp/SESpec/src/results/matrix_runs/20260503_050609/sespec_default/SV_COMP/gpt-5-mini/38/20260503_061605_100953_1b8a3301/foo38.c
input/weak/SV_COMP_39.c,SV_COMP,39,5,gpt-4o;gpt-5-mini;gpt-5-nano;gpt-5.4-mini;gpt-5.4-nano,5,missing_return_semantics,"The function returns a value but the spec only states assigns \nothing and gives no postcondition describing the returned result, so the behavior is not specified.",/home/yangfp/SESpec/src/input/SV_COMP/39.c,results/matrix_runs/20260503_050609/sespec_default/SV_COMP/gpt-5-mini/39/20260503_062146_100953_2037181d/summary.json,/home/yangfp/SESpec/src/results/matrix_runs/20260503_050609/sespec_default/SV_COMP/gpt-5-mini/39/20260503_062146_100953_2037181d/foo39.c
input/weak/SV_COMP_44.c,SV_COMP,44,5,gpt-4o;gpt-5-mini;gpt-5-nano;gpt-5.4-mini;gpt-5.4-nano,5,missing_return_semantics;missing_effect_semantics,"The function returns a value but the contract gives only a weak precondition and assigns clause; it does not specify the return value behavior at all, so the semantics are incomplete.",/home/yangfp/SESpec/src/input/SV_COMP/44.c,results/matrix_runs/20260503_050609/sespec_default/SV_COMP/gpt-5-mini/44/20260503_062940_100953_26422e2c/summary.json,/home/yangfp/SESpec/src/results/matrix_runs/20260503_050609/sespec_default/SV_COMP/gpt-5-mini/44/20260503_062940_100953_26422e2c/foo44.c
input/weak/SV_COMP_46.c,SV_COMP,46,5,gpt-4o;gpt-5-mini;gpt-5-nano;gpt-5.4-mini;gpt-5.4-nano,5,missing_return_semantics,foo46 returns a value but has no function-level postcondition describing the returned result; `assigns \nothing` alone does not specify its semantics.,/home/yangfp/SESpec/src/input/SV_COMP/46.c,results/matrix_runs/20260503_050609/sespec_default/SV_COMP/gpt-5-mini/46/20260503_063129_100953_1d7b22c1/summary.json,/home/yangfp/SESpec/src/results/matrix_runs/20260503_050609/sespec_default/SV_COMP/gpt-5-mini/46/20260503_063129_100953_1d7b22c1/foo46.c
input/weak/SV_COMP_59.c,SV_COMP,59,5,gpt-4o;gpt-5-mini;gpt-5-nano;gpt-5.4-mini;gpt-5.4-nano,5,vacuous;missing_return_semantics,"The function returns a value but the contract is only `ensures \true`, which is vacuous and does not describe the function’s behavior at all.",/home/yangfp/SESpec/src/input/SV_COMP/59.c,results/matrix_runs/20260503_050609/sespec_default/SV_COMP/gpt-5-mini/59/20260505_211341_234093_3e5b4100/summary.json,/home/yangfp/SESpec/src/results/matrix_runs/20260503_050609/sespec_default/SV_COMP/gpt-5-mini/59/20260505_211341_234093_3e5b4100/foo59.c
input/weak/SV_COMP_66.c,SV_COMP,66,5,gpt-4o;gpt-5-mini;gpt-5-nano;gpt-5.4-mini;gpt-5.4-nano,5,missing_return_semantics;missing_effect_semantics,The function returns a value but has no behavioral contract for the result; `assigns \nothing` alone does not specify the function semantics.,/home/yangfp/SESpec/src/input/SV_COMP/66.c,results/matrix_runs/20260503_050609/sespec_default/SV_COMP/gpt-5-mini/66/20260503_072814_100953_4367362f/summary.json,/home/yangfp/SESpec/src/results/matrix_runs/20260503_050609/sespec_default/SV_COMP/gpt-5-mini/66/20260503_072814_100953_4367362f/foo66.c
input/weak/SV_COMP_68.c,SV_COMP,68,5,gpt-4o;gpt-5-mini;gpt-5-nano;gpt-5.4-mini;gpt-5.4-nano,5,missing_return_semantics;missing_effect_semantics,The function returns a value but has no function-level postcondition describing that return value; `assigns \nothing` alone does not specify the behavior.,/home/yangfp/SESpec/src/input/SV_COMP/68.c,results/matrix_runs/20260503_050609/sespec_default/SV_COMP/gpt-5-mini/68/20260503_073129_100953_a9bb5b10/summary.json,/home/yangfp/SESpec/src/results/matrix_runs/20260503_050609/sespec_default/SV_COMP/gpt-5-mini/68/20260503_073129_100953_a9bb5b10/foo68.c
input/weak/SV_COMP_69.c,SV_COMP,69,5,gpt-4o;gpt-5-mini;gpt-5-nano;gpt-5.4-mini;gpt-5.4-nano,5,vacuous;missing_return_semantics,"The function has a return value, but the only contract is `ensures \true`, which is vacuous and does not describe the function's behavior at all.",/home/yangfp/SESpec/src/input/SV_COMP/69.c,results/matrix_runs/20260503_050609/sespec_default/SV_COMP/gpt-5-mini/69/20260505_211353_234093_01b88615/summary.json,/home/yangfp/SESpec/src/results/matrix_runs/20260503_050609/sespec_default/SV_COMP/gpt-5-mini/69/20260505_211353_234093_01b88615/foo69.c
input/weak/SV_COMP_72.c,SV_COMP,72,5,gpt-4o;gpt-5-mini;gpt-5-nano;gpt-5.4-mini;gpt-5.4-nano,5,weak_loop_invariant;missing_effect_semantics,"The loop invariants are too weak: they separately state that x and y each increased by some even amount, but do not relate them by the same iteration count, so they do not fully capture the loop effect on all modified variables.",/home/yangfp/SESpec/src/input/SV_COMP/72.c,results/matrix_runs/20260503_050609/sespec_default/SV_COMP/gpt-5-mini/72/20260503_074607_100953_d0c58056/summary.json,/home/yangfp/SESpec/src/results/matrix_runs/20260503_050609/sespec_default/SV_COMP/gpt-5-mini/72/20260503_074607_100953_d0c58056/foo72.c
input/weak/SV_COMP_74.c,SV_COMP,74,5,gpt-4o;gpt-5-mini;gpt-5-nano;gpt-5.4-mini;gpt-5.4-nano,5,weak_loop_invariant;missing_effect_semantics,"The loop invariants are too weak: they only state x>=0 and n unchanged, which do not determine the final value of x after exit, so the loop’s full effect is underspecified.",/home/yangfp/SESpec/src/input/SV_COMP/74.c,results/matrix_runs/20260503_050609/sespec_default/SV_COMP/gpt-5-mini/74/20260503_080051_100953_884a3768/summary.json,/home/yangfp/SESpec/src/results/matrix_runs/20260503_050609/sespec_default/SV_COMP/gpt-5-mini/74/20260503_080051_100953_884a3768/foo74.c
input/weak/SpecGenBench_7.c,SpecGenBench,7,5,gpt-4o;gpt-5-mini;gpt-5-nano;gpt-5.4-mini;gpt-5.4-nano,5,missing_return_semantics;weak_loop_invariant;missing_effect_semantics;vacuous,"The function has a return value but its contract is only `ensures \true`, which gives no behavioral specification of the result; there are also no loop invariants specifying what the loop computes.",/home/yangfp/SESpec/src/input/SpecGenBench/7.c,results/matrix_runs/20260503_050609/sespec_default/SpecGenBench/gpt-5-mini/7/20260505_082557_100953_4ed263df/summary.json,/home/yangfp/SESpec/src/results/matrix_runs/20260503_050609/sespec_default/SpecGenBench/gpt-5-mini/7/20260505_082557_100953_4ed263df/foo7.c
input/weak/SpecGenBench_8.c,SpecGenBench,8,5,gpt-4o;gpt-5-mini;gpt-5-nano;gpt-5.4-mini;gpt-5.4-nano,5,missing_return_semantics;vacuous,The function returns a value but has no postcondition describing the result for each operator; `assigns \nothing` alone does not specify the function semantics.,/home/yangfp/SESpec/src/input/SpecGenBench/8.c,results/matrix_runs/20260503_050609/sespec_default/SpecGenBench/gpt-5-mini/8/20260505_220421_234093_991d4833/summary.json,/home/yangfp/SESpec/src/results/matrix_runs/20260503_050609/sespec_default/SpecGenBench/gpt-5-mini/8/20260505_220421_234093_991d4833/foo8.c
input/weak/SpecGenBench_9.c,SpecGenBench,9,5,gpt-4o;gpt-5-mini;gpt-5-nano;gpt-5.4-mini;gpt-5.4-nano,5,missing_return_semantics;vacuous;missing_effect_semantics,The function returns a value but the contract `ensures \true;` is vacuous and does not describe any of the required input-output behavior.,/home/yangfp/SESpec/src/input/SpecGenBench/9.c,results/matrix_runs/20260503_050609/sespec_default/SpecGenBench/gpt-5-mini/9/20260505_083830_100953_509f8142/summary.json,/home/yangfp/SESpec/src/results/matrix_runs/20260503_050609/sespec_default/SpecGenBench/gpt-5-mini/9/20260505_083830_100953_509f8142/foo9.c
input/weak/SpecGenBench_11.c,SpecGenBench,11,5,gpt-4o;gpt-5-mini;gpt-5-nano;gpt-5.4-mini;gpt-5.4-nano,5,missing_return_semantics;missing_effect_semantics,The function returns a value but has no function-level contract describing the returned result; `assigns \nothing` alone does not specify the behavior.,/home/yangfp/SESpec/src/input/SpecGenBench/11.c,results/matrix_runs/20260503_050609/sespec_default/SpecGenBench/gpt-5-mini/11/20260505_084507_100953_6f9fb5f9/summary.json,/home/yangfp/SESpec/src/results/matrix_runs/20260503_050609/sespec_default/SpecGenBench/gpt-5-mini/11/20260505_084507_100953_6f9fb5f9/foo11.c
input/weak/SpecGenBench_12.c,SpecGenBench,12,5,gpt-4o;gpt-5-mini;gpt-5-nano;gpt-5.4-mini;gpt-5.4-nano,5,missing_return_semantics;weak_loop_invariant;missing_effect_semantics,The function returns a value but has no postcondition/behavior contract describing when it returns 0 or 1; loop invariants alone do not provide a complete function-level specification.,/home/yangfp/SESpec/src/input/SpecGenBench/12.c,results/matrix_runs/20260503_050609/sespec_default/SpecGenBench/gpt-5-mini/12/20260505_084845_100953_e5c2799f/summary.json,/home/yangfp/SESpec/src/results/matrix_runs/20260503_050609/sespec_default/SpecGenBench/gpt-5-mini/12/20260505_084845_100953_e5c2799f/foo12.c
input/weak/SpecGenBench_13.c,SpecGenBench,13,5,gpt-4o;gpt-5-mini;gpt-5-nano;gpt-5.4-mini;gpt-5.4-nano,5,vacuous;missing_return_semantics,"The function has a return value but the only postcondition is `ensures \true;`, which imposes no constraint on the result and does not describe the function’s behavior.",/home/yangfp/SESpec/src/input/SpecGenBench/13.c,results/matrix_runs/20260503_050609/sespec_default/SpecGenBench/gpt-5-mini/13/20260505_220552_234093_b4ad52c2/summary.json,/home/yangfp/SESpec/src/results/matrix_runs/20260503_050609/sespec_default/SpecGenBench/gpt-5-mini/13/20260505_220552_234093_b4ad52c2/foo13.c
input/weak/SpecGenBench_14.c,SpecGenBench,14,5,gpt-4o;gpt-5-mini;gpt-5-nano;gpt-5.4-mini;gpt-5.4-nano,5,vacuous;missing_return_semantics,"The only postcondition is `ensures \true`, which is vacuous and does not describe the returned value or the function’s behavior at all.",/home/yangfp/SESpec/src/input/SpecGenBench/14.c,results/matrix_runs/20260503_050609/sespec_default/SpecGenBench/gpt-5-mini/14/20260505_220636_234093_21dde1de/summary.json,/home/yangfp/SESpec/src/results/matrix_runs/20260503_050609/sespec_default/SpecGenBench/gpt-5-mini/14/20260505_220636_234093_21dde1de/foo14.c
input/weak/SpecGenBench_15.c,SpecGenBench,15,5,gpt-4o;gpt-5-mini;gpt-5-nano;gpt-5.4-mini;gpt-5.4-nano,5,vacuous;missing_return_semantics,"The function returns a value, but the contract `ensures \true;` imposes no semantic constraint on the result, so it does not describe the function behavior at all.",/home/yangfp/SESpec/src/input/SpecGenBench/15.c,results/matrix_runs/20260503_050609/sespec_default/SpecGenBench/gpt-5-mini/15/20260505_220755_234093_e8c63538/summary.json,/home/yangfp/SESpec/src/results/matrix_runs/20260503_050609/sespec_default/SpecGenBench/gpt-5-mini/15/20260505_220755_234093_e8c63538/foo15.c
input/weak/SpecGenBench_16.c,SpecGenBench,16,5,gpt-4o;gpt-5-mini;gpt-5-nano;gpt-5.4-mini;gpt-5.4-nano,5,vacuous;missing_return_semantics,"The function returns a value but the only contract is `ensures \true`, which is vacuous and does not describe the returned overlap-area semantics at all.",/home/yangfp/SESpec/src/input/SpecGenBench/16.c,results/matrix_runs/20260503_050609/sespec_default/SpecGenBench/gpt-5-mini/16/20260505_220819_234093_fb59b5e9/summary.json,/home/yangfp/SESpec/src/results/matrix_runs/20260503_050609/sespec_default/SpecGenBench/gpt-5-mini/16/20260505_220819_234093_fb59b5e9/foo16.c
input/weak/SpecGenBench_17.c,SpecGenBench,17,5,gpt-4o;gpt-5-mini;gpt-5-nano;gpt-5.4-mini;gpt-5.4-nano,5,missing_return_semantics,"The function has a return value but provides no function-level specification/contract describing its behavior, so the semantics are not specified.",/home/yangfp/SESpec/src/input/SpecGenBench/17.c,results/matrix_runs/20260503_050609/sespec_default/SpecGenBench/gpt-5-mini/17/20260505_113732_100953_f2c952f0/summary.json,/home/yangfp/SESpec/src/results/matrix_runs/20260503_050609/sespec_default/SpecGenBench/gpt-5-mini/17/20260505_113732_100953_f2c952f0/foo17.c
input/weak/SV_COMP_78.c,SV_COMP,78,5,gpt-4o;gpt-5-mini;gpt-5-nano;gpt-5.4-mini;gpt-5.4-nano,5,final_value_not_determined;weak_loop_invariant;bounds_only,"The loop invariant `0 <= x` is too weak: with exit condition `x >= n` it does not determine the final value of `x` (e.g. it cannot show `x == n`), so the loop effect is underspecified.",/home/yangfp/SESpec/src/input/SV_COMP/78.c,results/matrix_runs/20260503_050609/sespec_default/SV_COMP/gpt-5-mini/78/20260503_083043_100953_781dba11/summary.json,/home/yangfp/SESpec/src/results/matrix_runs/20260503_050609/sespec_default/SV_COMP/gpt-5-mini/78/20260503_083043_100953_781dba11/foo78.c
input/weak/SV_COMP_102.c,SV_COMP,102,5,gpt-4o;gpt-5-mini;gpt-5-nano;gpt-5.4-mini;gpt-5.4-nano,5,weak_loop_invariant;final_value_not_determined,"The loop invariants only state that i and j keep their initial values; they do not relate x and y across iterations, so they are too weak to determine the final effect on the modified variables x and y.",/home/yangfp/SESpec/src/input/SV_COMP/102.c,results/matrix_runs/20260503_050609/sespec_default/SV_COMP/gpt-5-mini/102/20260503_085726_100953_8ced1d97/summary.json,/home/yangfp/SESpec/src/results/matrix_runs/20260503_050609/sespec_default/SV_COMP/gpt-5-mini/102/20260503_085726_100953_8ced1d97/foo102.c
input/weak/SV_COMP_103.c,SV_COMP,103,5,gpt-4o;gpt-5-mini;gpt-5-nano;gpt-5.4-mini;gpt-5.4-nano,5,final_value_not_determined;weak_loop_invariant,The loop invariant `x >= 1` is far too weak: with exit condition `x >= y` it does not determine the final value of the modified variable `x` or capture that `x` stays a power-of-two doubling from 1.,/home/yangfp/SESpec/src/input/SV_COMP/103.c,results/matrix_runs/20260503_050609/sespec_default/SV_COMP/gpt-5-mini/103/20260503_085844_100953_a4ca8f30/summary.json,/home/yangfp/SESpec/src/results/matrix_runs/20260503_050609/sespec_default/SV_COMP/gpt-5-mini/103/20260503_085844_100953_a4ca8f30/foo103.c
input/weak/SV_COMP_104.c,SV_COMP,104,5,gpt-4o;gpt-5-mini;gpt-5-nano;gpt-5.4-mini;gpt-5.4-nano,5,final_value_not_determined;weak_loop_invariant;bounds_only,"The loop invariant `1 <= x` and assigns clause are too weak: they do not capture the doubling relation between iterations or determine the final value of `x`, so the loop effect is not fully specified.",/home/yangfp/SESpec/src/input/SV_COMP/104.c,results/matrix_runs/20260503_050609/sespec_default/SV_COMP/gpt-5-mini/104/20260503_090015_100953_8a72b1fb/summary.json,/home/yangfp/SESpec/src/results/matrix_runs/20260503_050609/sespec_default/SV_COMP/gpt-5-mini/104/20260503_090015_100953_8a72b1fb/foo104.c
input/weak/SV_COMP_105.c,SV_COMP,105,5,gpt-4o;gpt-5-mini;gpt-5-nano;gpt-5.4-mini;gpt-5.4-nano,5,weak_loop_invariant;final_value_not_determined,"The loop invariants are too weak to determine the full effect: they only say x and y each increased by some nonnegative even amount, but do not relate that amount to loop iterations/final state strongly enough to completely specify the loop semantics.",/home/yangfp/SESpec/src/input/SV_COMP/105.c,results/matrix_runs/20260503_050609/sespec_default/SV_COMP/gpt-5-mini/105/20260503_090147_100953_a51108bf/summary.json,/home/yangfp/SESpec/src/results/matrix_runs/20260503_050609/sespec_default/SV_COMP/gpt-5-mini/105/20260503_090147_100953_a51108bf/foo105.c
input/weak/SV_COMP_125.c,SV_COMP,125,5,gpt-4o;gpt-5-mini;gpt-5-nano;gpt-5.4-mini;gpt-5.4-nano,5,weak_loop_invariant;final_value_not_determined;bounds_only,"The loop invariant is vacuous (∃q. q>=0) and does not constrain x or y, so it does not specify the loop’s effect or the final relation between the modified variables.",/home/yangfp/SESpec/src/input/SV_COMP/125.c,results/matrix_runs/20260503_050609/sespec_default/SV_COMP/gpt-5-mini/125/20260503_093952_100953_2f2a756d/summary.json,/home/yangfp/SESpec/src/results/matrix_runs/20260503_050609/sespec_default/SV_COMP/gpt-5-mini/125/20260503_093952_100953_2f2a756d/foo125.c
input/weak/SV_COMP_127.c,SV_COMP,127,5,gpt-4o;gpt-5-mini;gpt-5-nano;gpt-5.4-mini;gpt-5.4-nano,5,final_value_not_determined;weak_loop_invariant;bounds_only,"The loop invariants give only weak bounds on x and m and do not characterize the possible final value of m (which depends on nondeterministic updates), so the loop effect is not fully specified.",/home/yangfp/SESpec/src/input/SV_COMP/127.c,results/matrix_runs/20260503_050609/sespec_default/SV_COMP/gpt-5-mini/127/20260503_094230_100953_28282c4e/summary.json,/home/yangfp/SESpec/src/results/matrix_runs/20260503_050609/sespec_default/SV_COMP/gpt-5-mini/127/20260503_094230_100953_28282c4e/foo127.c
input/weak/SV_COMP_129.c,SV_COMP,129,5,gpt-4o;gpt-5-mini;gpt-5-nano;gpt-5.4-mini;gpt-5.4-nano,5,weak_loop_invariant;final_value_not_determined;bounds_only,"The loop invariant `x >= 0` is far too weak: it does not characterize the relation between `x` and `y` or the full effect of the loop, so the final state of modified variables is not determined.",/home/yangfp/SESpec/src/input/SV_COMP/129.c,results/matrix_runs/20260503_050609/sespec_default/SV_COMP/gpt-5-mini/129/20260503_094540_100953_d1484fda/summary.json,/home/yangfp/SESpec/src/results/matrix_runs/20260503_050609/sespec_default/SV_COMP/gpt-5-mini/129/20260503_094540_100953_d1484fda/foo129.c
input/weak/SV_COMP_130.c,SV_COMP,130,5,gpt-4o;gpt-5-mini;gpt-5-nano;gpt-5.4-mini;gpt-5.4-nano,5,weak_loop_invariant;bounds_only;final_value_not_determined,"The loop invariants are far too weak to determine the final values/relations of the modified variables (e.g. turn phase effects, n=i, j=0, k counting, pvlen update), and the existential invariant is vacuous.",/home/yangfp/SESpec/src/input/SV_COMP/130.c,results/matrix_runs/20260503_050609/sespec_default/SV_COMP/gpt-5-mini/130/20260503_094705_100953_3a446fc5/summary.json,/home/yangfp/SESpec/src/results/matrix_runs/20260503_050609/sespec_default/SV_COMP/gpt-5-mini/130/20260503_094705_100953_3a446fc5/foo130.c
input/weak/SV_COMP_138.c,SV_COMP,138,5,gpt-4o;gpt-5-mini;gpt-5-nano;gpt-5.4-mini;gpt-5.4-nano,5,final_value_not_determined;weak_loop_invariant;bounds_only,"The loop invariants are far too weak: they only state m <= x and x >= 0, which do not determine the final relation of x and m or capture the effect of the nondeterministic updates to m.",/home/yangfp/SESpec/src/input/SV_COMP/138.c,results/matrix_runs/20260503_050609/sespec_default/SV_COMP/gpt-5-mini/138/20260503_100047_100953_68d229f0/summary.json,/home/yangfp/SESpec/src/results/matrix_runs/20260503_050609/sespec_default/SV_COMP/gpt-5-mini/138/20260503_100047_100953_68d229f0/foo138.c
input/weak/SV_COMP_141.c,SV_COMP,141,5,gpt-4o;gpt-5-mini;gpt-5-nano;gpt-5.4-mini;gpt-5.4-nano,5,final_value_not_determined;weak_loop_invariant;bounds_only,"The loop invariants are semantically wrong and far too weak: they force turn to be only 0 or 3 and imply fixed values i==1, j==0, k==1 at turn==0, which do not describe the actual loop behavior or determine the final modified state.",/home/yangfp/SESpec/src/input/SV_COMP/141.c,results/matrix_runs/20260503_050609/sespec_default/SV_COMP/gpt-5-mini/141/20260503_100417_100953_d94af8b7/summary.json,/home/yangfp/SESpec/src/results/matrix_runs/20260503_050609/sespec_default/SV_COMP/gpt-5-mini/141/20260503_100417_100953_d94af8b7/foo141.c
input/weak/SV_COMP_142.c,SV_COMP,142,5,gpt-4o;gpt-5-mini;gpt-5-nano;gpt-5.4-mini;gpt-5.4-nano,5,final_value_not_determined;weak_loop_invariant;bounds_only,"The loop invariant only gives bounds (0 <= j <= b) and does not determine the final values of modified variables; at exit it cannot show the full effect of the loop, e.g. what j equals in relation to n/flag.",/home/yangfp/SESpec/src/input/SV_COMP/142.c,results/matrix_runs/20260503_050609/sespec_default/SV_COMP/gpt-5-mini/142/20260503_100619_100953_db6dade4/summary.json,/home/yangfp/SESpec/src/results/matrix_runs/20260503_050609/sespec_default/SV_COMP/gpt-5-mini/142/20260503_100619_100953_db6dade4/foo142.c
input/weak/SV_COMP_147.c,SV_COMP,147,5,gpt-4o;gpt-5-mini;gpt-5-nano;gpt-5.4-mini;gpt-5.4-nano,5,final_value_not_determined;weak_loop_invariant;bounds_only,"The loop invariants are far too weak: they only preserve x+y and k, but do not characterize the full effect on x, y, j, or m, so the final modified state is not determined.",/home/yangfp/SESpec/src/input/SV_COMP/147.c,results/matrix_runs/20260503_050609/sespec_default/SV_COMP/gpt-5-mini/147/20260503_101433_100953_4a9704cf/summary.json,/home/yangfp/SESpec/src/results/matrix_runs/20260503_050609/sespec_default/SV_COMP/gpt-5-mini/147/20260503_101433_100953_4a9704cf/foo147.c
input/weak/SV_COMP_149.c,SV_COMP,149,5,gpt-4o;gpt-5-mini;gpt-5-nano;gpt-5.4-mini;gpt-5.4-nano,5,bounds_only;weak_loop_invariant;final_value_not_determined,"The loop invariants only give bounds on x and m; they do not characterize the full effect of the loop on m (which may end as 1 or any prior x), so the modified state is underspecified.",/home/yangfp/SESpec/src/input/SV_COMP/149.c,results/matrix_runs/20260503_050609/sespec_default/SV_COMP/gpt-5-mini/149/20260503_101751_100953_70596e05/summary.json,/home/yangfp/SESpec/src/results/matrix_runs/20260503_050609/sespec_default/SV_COMP/gpt-5-mini/149/20260503_101751_100953_70596e05/foo149.c
input/weak/SV_COMP_150.c,SV_COMP,150,5,gpt-4o;gpt-5-mini;gpt-5-nano;gpt-5.4-mini;gpt-5.4-nano,5,weak_loop_invariant;final_value_not_determined;bounds_only,"Loop invariants are too weak: they only preserve x+y and simple bounds on j,m, but do not characterize the final values of x, y, or m in terms of n and i, so the loop’s full effect is underspecified.",/home/yangfp/SESpec/src/input/SV_COMP/150.c,results/matrix_runs/20260503_050609/sespec_default/SV_COMP/gpt-5-mini/150/20260503_101943_100953_67017f57/summary.json,/home/yangfp/SESpec/src/results/matrix_runs/20260503_050609/sespec_default/SV_COMP/gpt-5-mini/150/20260503_101943_100953_67017f57/foo150.c
input/weak/SV_COMP_153.c,SV_COMP,153,5,gpt-4o;gpt-5-mini;gpt-5-nano;gpt-5.4-mini;gpt-5.4-nano,5,weak_loop_invariant;final_value_not_determined;bounds_only,"Loop invariants are far too weak to determine the final relation among x,y,i,j,turn; they give only nonnegativity/bounds and an incorrect modulo-style fact, not the loop’s full effect.",/home/yangfp/SESpec/src/input/SV_COMP/153.c,results/matrix_runs/20260503_050609/sespec_default/SV_COMP/gpt-5-mini/153/20260503_102335_100953_85ddb859/summary.json,/home/yangfp/SESpec/src/results/matrix_runs/20260503_050609/sespec_default/SV_COMP/gpt-5-mini/153/20260503_102335_100953_85ddb859/foo153.c
input/weak/SV_COMP_154.c,SV_COMP,154,5,gpt-4o;gpt-5-mini;gpt-5-nano;gpt-5.4-mini;gpt-5.4-nano,5,final_value_not_determined;weak_loop_invariant,"The loop invariant only relates x and y during the loop; it gives no bound/monotonic fact to combine with exit x==0, so it does not fully determine the final state and is too weak to specify the loop’s complete effect.",/home/yangfp/SESpec/src/input/SV_COMP/154.c,results/matrix_runs/20260503_050609/sespec_default/SV_COMP/gpt-5-mini/154/20260503_102511_100953_109e5e7f/summary.json,/home/yangfp/SESpec/src/results/matrix_runs/20260503_050609/sespec_default/SV_COMP/gpt-5-mini/154/20260503_102511_100953_109e5e7f/foo154.c
input/weak/SV_COMP_157.c,SV_COMP,157,5,gpt-4o;gpt-5-mini;gpt-5-nano;gpt-5.4-mini;gpt-5.4-nano,5,weak_loop_invariant;final_value_not_determined,"The only loop invariant is a simple bound on turn; it does not characterize how x, y, c, and z relate or what the loop computes, so the loop semantics are far underspecified.",/home/yangfp/SESpec/src/input/SV_COMP/157.c,results/matrix_runs/20260503_050609/sespec_default/SV_COMP/gpt-5-mini/157/20260503_103103_100953_37720c23/summary.json,/home/yangfp/SESpec/src/results/matrix_runs/20260503_050609/sespec_default/SV_COMP/gpt-5-mini/157/20260503_103103_100953_37720c23/foo157.c
input/weak/SV_COMP_167.c,SV_COMP,167,5,gpt-4o;gpt-5-mini;gpt-5-nano;gpt-5.4-mini;gpt-5.4-nano,5,final_value_not_determined;weak_loop_invariant,"The loop invariants only state z==w and z divisible by 10, which are preserved but far too weak to determine the final values/relations of x,y,z,w or the full effect of the loop.",/home/yangfp/SESpec/src/input/SV_COMP/167.c,results/matrix_runs/20260503_050609/sespec_default/SV_COMP/gpt-5-mini/167/20260503_104803_100953_5ea061e8/summary.json,/home/yangfp/SESpec/src/results/matrix_runs/20260503_050609/sespec_default/SV_COMP/gpt-5-mini/167/20260503_104803_100953_5ea061e8/foo167.c
input/weak/SV_COMP_184.c,SV_COMP,184,5,gpt-4o;gpt-5-mini;gpt-5-nano;gpt-5.4-mini;gpt-5.4-nano,5,weak_loop_invariant;final_value_not_determined,"The loop invariants are far too weak to characterize the effect of the loop on x1, x2, and x3; they only state trivial facts about d1/d2 and positivity, so the final relation of the modified variables is not determined.",/home/yangfp/SESpec/src/input/SV_COMP/184.c,results/matrix_runs/20260503_050609/sespec_default/SV_COMP/gpt-5-mini/184/20260503_111231_100953_125e4c6a/summary.json,/home/yangfp/SESpec/src/results/matrix_runs/20260503_050609/sespec_default/SV_COMP/gpt-5-mini/184/20260503_111231_100953_125e4c6a/foo184.c
input/weak/SV_COMP_189.c,SV_COMP,189,5,gpt-4o;gpt-5-mini;gpt-5-nano;gpt-5.4-mini;gpt-5.4-nano,5,final_value_not_determined;weak_loop_invariant,The loop invariant `y == x` is too weak: with exit condition `x >= 1024` it does not determine the final values or fully characterize the loop effect on modified variables.,/home/yangfp/SESpec/src/input/SV_COMP/189.c,results/matrix_runs/20260503_050609/sespec_default/SV_COMP/gpt-5-mini/189/20260503_112103_100953_d7c78599/summary.json,/home/yangfp/SESpec/src/results/matrix_runs/20260503_050609/sespec_default/SV_COMP/gpt-5-mini/189/20260503_112103_100953_d7c78599/foo189.c
input/weak/SV_COMP_194.c,SV_COMP,194,5,gpt-4o;gpt-5-mini;gpt-5-nano;gpt-5.4-mini;gpt-5.4-nano,5,bounds_only;weak_loop_invariant;final_value_not_determined,"The loop invariants give only bounds on x and m; they do not characterize the full effect of the loop on m (that m is some previously seen x up to n-1), so the final modified state is not determined.",/home/yangfp/SESpec/src/input/SV_COMP/194.c,results/matrix_runs/20260503_050609/sespec_default/SV_COMP/gpt-5-mini/194/20260503_112809_100953_5a15b175/summary.json,/home/yangfp/SESpec/src/results/matrix_runs/20260503_050609/sespec_default/SV_COMP/gpt-5-mini/194/20260503_112809_100953_5a15b175/foo194.c
input/weak/SV_COMP_205.c,SV_COMP,205,5,gpt-4o;gpt-5-mini;gpt-5-nano;gpt-5.4-mini;gpt-5.4-nano,5,weak_loop_invariant;bounds_only;final_value_not_determined,"The loop invariants give only basic bounds on x and m; they do not characterize the loop’s full effect on m (which may end as any prior x value), so the modified state is underspecified.",/home/yangfp/SESpec/src/input/SV_COMP/205.c,results/matrix_runs/20260503_050609/sespec_default/SV_COMP/gpt-5-mini/205/20260503_114747_100953_cc535faf/summary.json,/home/yangfp/SESpec/src/results/matrix_runs/20260503_050609/sespec_default/SV_COMP/gpt-5-mini/205/20260503_114747_100953_cc535faf/foo205.c
input/weak/SV_COMP_213.c,SV_COMP,213,5,gpt-4o;gpt-5-mini;gpt-5-nano;gpt-5.4-mini;gpt-5.4-nano,5,final_value_not_determined;weak_loop_invariant,"The loop invariant `x % 5 == 0` is far too weak: it does not characterize the loop’s full effect or determine the final state of `x`, and it omits relevant dependence on `y`.",/home/yangfp/SESpec/src/input/SV_COMP/213.c,results/matrix_runs/20260503_050609/sespec_default/SV_COMP/gpt-5-mini/213/20260503_115440_100953_154b61a7/summary.json,/home/yangfp/SESpec/src/results/matrix_runs/20260503_050609/sespec_default/SV_COMP/gpt-5-mini/213/20260503_115440_100953_154b61a7/foo213.c
input/weak/SV_COMP_217.c,SV_COMP,217,5,gpt-4o;gpt-5-mini;gpt-5-nano;gpt-5.4-mini;gpt-5.4-nano,5,final_value_not_determined;weak_loop_invariant;bounds_only,"The loop invariant only gives an upper bound on x; with the exit condition it does not determine the final value or capture the loop’s full effect, so the semantics are underspecified.",/home/yangfp/SESpec/src/input/SV_COMP/217.c,results/matrix_runs/20260503_050609/sespec_default/SV_COMP/gpt-5-mini/217/20260503_120023_100953_8129ae30/summary.json,/home/yangfp/SESpec/src/results/matrix_runs/20260503_050609/sespec_default/SV_COMP/gpt-5-mini/217/20260503_120023_100953_8129ae30/foo217.c
input/weak/SV_COMP_218.c,SV_COMP,218,5,gpt-4o;gpt-5-mini;gpt-5-nano;gpt-5.4-mini;gpt-5.4-nano,5,final_value_not_determined;weak_loop_invariant;bounds_only,"The loop invariants give only bounds on x; with the exit condition they do not determine the final value or full loop effect, so the specification is too weak.",/home/yangfp/SESpec/src/input/SV_COMP/218.c,results/matrix_runs/20260503_050609/sespec_default/SV_COMP/gpt-5-mini/218/20260503_120239_100953_a9ae7ab6/summary.json,/home/yangfp/SESpec/src/results/matrix_runs/20260503_050609/sespec_default/SV_COMP/gpt-5-mini/218/20260503_120239_100953_a9ae7ab6/foo218.c
input/weak/SV_COMP_231.c,SV_COMP,231,5,gpt-4o;gpt-5-mini;gpt-5-nano;gpt-5.4-mini;gpt-5.4-nano,5,weak_loop_invariant;final_value_not_determined,"The loop invariant only states that y is Boolean and gives no relation between x and y or the cumulative effect of iterations, so it is far too weak to determine the loop’s full behavior.",/home/yangfp/SESpec/src/input/SV_COMP/231.c,results/matrix_runs/20260503_050609/sespec_default/SV_COMP/gpt-5-mini/231/20260503_123216_100953_86a5cc5e/summary.json,/home/yangfp/SESpec/src/results/matrix_runs/20260503_050609/sespec_default/SV_COMP/gpt-5-mini/231/20260503_123216_100953_86a5cc5e/foo231.c
input/weak/SV_COMP_232.c,SV_COMP,232,5,gpt-4o;gpt-5-mini;gpt-5-nano;gpt-5.4-mini;gpt-5.4-nano,5,weak_loop_invariant;final_value_not_determined,"Loop invariants are far too weak: they only state nonnegativity/a>=b and a vacuous existential, which do not determine the loop’s effect on a, b, and c or the final relation after exit.",/home/yangfp/SESpec/src/input/SV_COMP/232.c,results/matrix_runs/20260503_050609/sespec_default/SV_COMP/gpt-5-mini/232/20260503_123533_100953_566e7183/summary.json,/home/yangfp/SESpec/src/results/matrix_runs/20260503_050609/sespec_default/SV_COMP/gpt-5-mini/232/20260503_123533_100953_566e7183/foo232.c
input/weak/SV_COMP_233.c,SV_COMP,233,5,gpt-4o;gpt-5-mini;gpt-5-nano;gpt-5.4-mini;gpt-5.4-nano,5,weak_loop_invariant;final_value_not_determined;bounds_only,"The loop invariants are far too weak: they only state st/last unchanged and a>=b, which does not determine the full effect on modified variables a, b, and c after the loop.",/home/yangfp/SESpec/src/input/SV_COMP/233.c,results/matrix_runs/20260503_050609/sespec_default/SV_COMP/gpt-5-mini/233/20260503_123834_100953_ba3171c0/summary.json,/home/yangfp/SESpec/src/results/matrix_runs/20260503_050609/sespec_default/SV_COMP/gpt-5-mini/233/20260503_123834_100953_ba3171c0/foo233.c
input/weak/SV_COMP_234.c,SV_COMP,234,5,gpt-4o;gpt-5-mini;gpt-5-nano;gpt-5.4-mini;gpt-5.4-nano,5,weak_loop_invariant;final_value_not_determined;bounds_only,"The loop invariants give only bounds on j; they do not relate j to min(idBitLength/8, material_length), so the full loop effect/final value is not completely specified.",/home/yangfp/SESpec/src/input/SV_COMP/234.c,results/matrix_runs/20260503_050609/sespec_default/SV_COMP/gpt-5-mini/234/20260503_124145_100953_ce13f4b5/summary.json,/home/yangfp/SESpec/src/results/matrix_runs/20260503_050609/sespec_default/SV_COMP/gpt-5-mini/234/20260503_124145_100953_ce13f4b5/foo234.c
input/weak/SV_COMP_236.c,SV_COMP,236,5,gpt-4o;gpt-5-mini;gpt-5-nano;gpt-5.4-mini;gpt-5.4-nano,5,weak_loop_invariant;bounds_only;final_value_not_determined,The loop invariant only gives a lower bound on j and does not specify enough to derive the final value/effect of the loop; it is too weak to capture the full loop behavior.,/home/yangfp/SESpec/src/input/SV_COMP/236.c,results/matrix_runs/20260503_050609/sespec_default/SV_COMP/gpt-5-mini/236/20260503_124630_100953_8edf325d/summary.json,/home/yangfp/SESpec/src/results/matrix_runs/20260503_050609/sespec_default/SV_COMP/gpt-5-mini/236/20260503_124630_100953_8edf325d/foo236.c
input/weak/SV_COMP_254.c,SV_COMP,254,5,gpt-4o;gpt-5-mini;gpt-5-nano;gpt-5.4-mini;gpt-5.4-nano,5,weak_loop_invariant;final_value_not_determined,"The loop invariant only states y==x (the existential q is vacuous) and does not characterize how x and y evolve across iterations or determine their final values, so the loop effect is underspecified.",/home/yangfp/SESpec/src/input/SV_COMP/254.c,results/matrix_runs/20260503_050609/sespec_default/SV_COMP/gpt-5-mini/254/20260503_130621_100953_edaf959c/summary.json,/home/yangfp/SESpec/src/results/matrix_runs/20260503_050609/sespec_default/SV_COMP/gpt-5-mini/254/20260503_130621_100953_edaf959c/foo254.c
input/weak/SV_COMP_255.c,SV_COMP,255,5,gpt-4o;gpt-5-mini;gpt-5-nano;gpt-5.4-mini;gpt-5.4-nano,5,final_value_not_determined;weak_loop_invariant;bounds_only,"The loop invariants are too weak to determine the full final effect on i: they give only lower/upper bounds and do not specify the exact post-loop relation (e.g. i = n when l < n, else i = l).",/home/yangfp/SESpec/src/input/SV_COMP/255.c,results/matrix_runs/20260503_050609/sespec_default/SV_COMP/gpt-5-mini/255/20260503_130844_100953_dc28de0a/summary.json,/home/yangfp/SESpec/src/results/matrix_runs/20260503_050609/sespec_default/SV_COMP/gpt-5-mini/255/20260503_130844_100953_dc28de0a/foo255.c
input/weak/SV_COMP_258.c,SV_COMP,258,5,gpt-4o;gpt-5-mini;gpt-5-nano;gpt-5.4-mini;gpt-5.4-nano,5,weak_loop_invariant;final_value_not_determined;bounds_only,"The loop invariant is only \true, so it does not constrain x or y enough to derive the loop’s full effect; the specification is therefore incomplete.",/home/yangfp/SESpec/src/input/SV_COMP/258.c,results/matrix_runs/20260503_050609/sespec_default/SV_COMP/gpt-5-mini/258/20260503_131229_100953_1f25bf9c/summary.json,/home/yangfp/SESpec/src/results/matrix_runs/20260503_050609/sespec_default/SV_COMP/gpt-5-mini/258/20260503_131229_100953_1f25bf9c/foo258.c
input/weak/SV_COMP_260.c,SV_COMP,260,5,gpt-4o;gpt-5-mini;gpt-5-nano;gpt-5.4-mini;gpt-5.4-nano,5,final_value_not_determined;weak_loop_invariant;bounds_only,"The loop invariant only gives an upper bound on x; with the exit condition it does not determine the final value (e.g. that x becomes min(n,1)), so the loop effect is underspecified.",/home/yangfp/SESpec/src/input/SV_COMP/260.c,results/matrix_runs/20260503_050609/sespec_default/SV_COMP/gpt-5-mini/260/20260503_131542_100953_d79e6e19/summary.json,/home/yangfp/SESpec/src/results/matrix_runs/20260503_050609/sespec_default/SV_COMP/gpt-5-mini/260/20260503_131542_100953_d79e6e19/foo260.c
input/weak/SV_COMP_269.c,SV_COMP,269,5,gpt-4o;gpt-5-mini;gpt-5-nano;gpt-5.4-mini;gpt-5.4-nano,5,final_value_not_determined;weak_loop_invariant;bounds_only,"The loop invariants are too weak: they only preserve k-i and j, but do not determine the final values of i and k after exit (e.g. that i==max(initial i,j) and k is increased by max(0,j-initial i)).",/home/yangfp/SESpec/src/input/SV_COMP/269.c,results/matrix_runs/20260503_050609/sespec_default/SV_COMP/gpt-5-mini/269/20260503_132919_100953_29af4021/summary.json,/home/yangfp/SESpec/src/results/matrix_runs/20260503_050609/sespec_default/SV_COMP/gpt-5-mini/269/20260503_132919_100953_29af4021/foo269.c
input/weak/SV_COMP_282.c,SV_COMP,282,5,gpt-4o;gpt-5-mini;gpt-5-nano;gpt-5.4-mini;gpt-5.4-nano,5,final_value_not_determined;weak_loop_invariant;bounds_only,"The loop invariant only gives an upper bound on x; with the exit condition x<=0 it does not determine the final value for inputs n<=0, so the loop effect is underspecified.",/home/yangfp/SESpec/src/input/SV_COMP/282.c,results/matrix_runs/20260503_050609/sespec_default/SV_COMP/gpt-5-mini/282/20260503_135012_100953_1efa513b/summary.json,/home/yangfp/SESpec/src/results/matrix_runs/20260503_050609/sespec_default/SV_COMP/gpt-5-mini/282/20260503_135012_100953_1efa513b/foo282.c
input/weak/SV_COMP_286.c,SV_COMP,286,5,gpt-4o;gpt-5-mini;gpt-5-nano;gpt-5.4-mini;gpt-5.4-nano,5,final_value_not_determined;weak_loop_invariant,"The loop invariant preserves only j+i and a weak bound on i; with exit condition i<=0 it does not determine the final state for inputs with initial i<=0, so the full effect on i and j is underspecified.",/home/yangfp/SESpec/src/input/SV_COMP/286.c,results/matrix_runs/20260503_050609/sespec_default/SV_COMP/gpt-5-mini/286/20260503_135719_100953_b8bcfa68/summary.json,/home/yangfp/SESpec/src/results/matrix_runs/20260503_050609/sespec_default/SV_COMP/gpt-5-mini/286/20260503_135719_100953_b8bcfa68/foo286.c
input/weak/SV_COMP_287.c,SV_COMP,287,5,gpt-4o;gpt-5-mini;gpt-5-nano;gpt-5.4-mini;gpt-5.4-nano,5,final_value_not_determined;weak_loop_invariant,"The loop invariant preserves only xa+ya; with exit condition xa<=0 it does not determine the final values for all inputs (especially when initial xa<=0), so the loop effect is underspecified.",/home/yangfp/SESpec/src/input/SV_COMP/287.c,results/matrix_runs/20260503_050609/sespec_default/SV_COMP/gpt-5-mini/287/20260503_135821_100953_9076a7e4/summary.json,/home/yangfp/SESpec/src/results/matrix_runs/20260503_050609/sespec_default/SV_COMP/gpt-5-mini/287/20260503_135821_100953_9076a7e4/foo287.c
input/weak/SV_COMP_288.c,SV_COMP,288,5,gpt-4o;gpt-5-mini;gpt-5-nano;gpt-5.4-mini;gpt-5.4-nano,5,final_value_not_determined;weak_loop_invariant;bounds_only,"The loop invariants are too weak to determine the final value of x: at exit they allow many even values in [100000000,100000001], so they do not capture the full loop effect.",/home/yangfp/SESpec/src/input/SV_COMP/288.c,results/matrix_runs/20260503_050609/sespec_default/SV_COMP/gpt-5-mini/288/20260503_135943_100953_fff3fa0b/summary.json,/home/yangfp/SESpec/src/results/matrix_runs/20260503_050609/sespec_default/SV_COMP/gpt-5-mini/288/20260503_135943_100953_fff3fa0b/foo288.c
input/weak/SV_COMP_295.c,SV_COMP,295,5,gpt-4o;gpt-5-mini;gpt-5-nano;gpt-5.4-mini;gpt-5.4-nano,5,weak_loop_invariant;final_value_not_determined,"The loop invariant only states i is a multiple of 3 and gives no relation for j and k or the final effect of the loop, so it does not specify the loop's full behavior.",/home/yangfp/SESpec/src/input/SV_COMP/295.c,results/matrix_runs/20260503_050609/sespec_default/SV_COMP/gpt-5-mini/295/20260503_140850_100953_530e8666/summary.json,/home/yangfp/SESpec/src/results/matrix_runs/20260503_050609/sespec_default/SV_COMP/gpt-5-mini/295/20260503_140850_100953_530e8666/foo295.c
input/weak/SV_COMP_296.c,SV_COMP,296,5,gpt-4o;gpt-5-mini;gpt-5-nano;gpt-5.4-mini;gpt-5.4-nano,5,final_value_not_determined;weak_loop_invariant;bounds_only,"The loop invariants are too weak to determine the final value of the modified variable i: they only state divisibility and bounds, not the full reachable post-state (e.g. that on exit i is a multiple of 3 and n <= i <= n+5).",/home/yangfp/SESpec/src/input/SV_COMP/296.c,results/matrix_runs/20260503_050609/sespec_default/SV_COMP/gpt-5-mini/296/20260503_141014_100953_b8cd3433/summary.json,/home/yangfp/SESpec/src/results/matrix_runs/20260503_050609/sespec_default/SV_COMP/gpt-5-mini/296/20260503_141014_100953_b8cd3433/foo296.c
input/weak/SV_COMP_297.c,SV_COMP,297,5,gpt-4o;gpt-5-mini;gpt-5-nano;gpt-5.4-mini;gpt-5.4-nano,5,final_value_not_determined;weak_loop_invariant,The loop invariants only give nonnegativity and divisibility by 4; together with the exit condition they do not determine the final value/range of i precisely enough to capture the full loop effect.,/home/yangfp/SESpec/src/input/SV_COMP/297.c,results/matrix_runs/20260503_050609/sespec_default/SV_COMP/gpt-5-mini/297/20260503_141142_100953_f11f0e81/summary.json,/home/yangfp/SESpec/src/results/matrix_runs/20260503_050609/sespec_default/SV_COMP/gpt-5-mini/297/20260503_141142_100953_f11f0e81/foo297.c
input/weak/SV_COMP_300.c,SV_COMP,300,5,gpt-4o;gpt-5-mini;gpt-5-nano;gpt-5.4-mini;gpt-5.4-nano,5,final_value_not_determined;weak_loop_invariant;bounds_only,"The loop invariants are too weak to determine the final value of x: bounds plus parity facts do not capture the full loop effect, so the post-state is underspecified.",/home/yangfp/SESpec/src/input/SV_COMP/300.c,results/matrix_runs/20260503_050609/sespec_default/SV_COMP/gpt-5-mini/300/20260503_141532_100953_c9503fa2/summary.json,/home/yangfp/SESpec/src/results/matrix_runs/20260503_050609/sespec_default/SV_COMP/gpt-5-mini/300/20260503_141532_100953_c9503fa2/foo300.c
input/weak/SV_COMP_302.c,SV_COMP,302,5,gpt-4o;gpt-5-mini;gpt-5-nano;gpt-5.4-mini;gpt-5.4-nano,5,weak_loop_invariant;final_value_not_determined;bounds_only,"The loop invariant only gives bounds on l and says nothing about how i, j, and k relate to processed iterations, so it does not specify the loop’s full effect or final state.",/home/yangfp/SESpec/src/input/SV_COMP/302.c,results/matrix_runs/20260503_050609/sespec_default/SV_COMP/gpt-5-mini/302/20260503_141748_100953_a4d8758c/summary.json,/home/yangfp/SESpec/src/results/matrix_runs/20260503_050609/sespec_default/SV_COMP/gpt-5-mini/302/20260503_141748_100953_a4d8758c/foo302.c
input/weak/SV_COMP_304.c,SV_COMP,304,5,gpt-4o;gpt-5-mini;gpt-5-nano;gpt-5.4-mini;gpt-5.4-nano,5,final_value_not_determined;weak_loop_invariant;bounds_only,"The loop invariants only state bounds and that the counters sum to l; they do not characterize which values of l contribute to v3, v4, i, j, and k, so they are too weak to determine the final semantics.",/home/yangfp/SESpec/src/input/SV_COMP/304.c,results/matrix_runs/20260503_050609/sespec_default/SV_COMP/gpt-5-mini/304/20260503_142113_100953_650091e7/summary.json,/home/yangfp/SESpec/src/results/matrix_runs/20260503_050609/sespec_default/SV_COMP/gpt-5-mini/304/20260503_142113_100953_650091e7/foo304.c
input/weak/SV_COMP_306.c,SV_COMP,306,5,gpt-4o;gpt-5-mini;gpt-5-nano;gpt-5.4-mini;gpt-5.4-nano,5,weak_loop_invariant;final_value_not_determined;bounds_only,"The specification is vacuous and incomplete: the postcondition says only `true`, and the loop invariants give only nonnegativity plus `l == sum(...)`, which does not characterize how each counter relates to numbers below `n`.",/home/yangfp/SESpec/src/input/SV_COMP/306.c,results/matrix_runs/20260503_050609/sespec_default/SV_COMP/gpt-5-mini/306/20260503_142436_100953_6bdf53d8/summary.json,/home/yangfp/SESpec/src/results/matrix_runs/20260503_050609/sespec_default/SV_COMP/gpt-5-mini/306/20260503_142436_100953_6bdf53d8/foo306.c
input/weak/SV_COMP_307.c,SV_COMP,307,5,gpt-4o;gpt-5-mini;gpt-5-nano;gpt-5.4-mini;gpt-5.4-nano,5,weak_loop_invariant;final_value_not_determined;bounds_only,"The loop invariants only give count sum and bounds; they do not characterize which values of l contribute to v1,v2,v3,v4,i,j,k, so they are too weak to determine the full final state.",/home/yangfp/SESpec/src/input/SV_COMP/307.c,results/matrix_runs/20260503_050609/sespec_default/SV_COMP/gpt-5-mini/307/20260503_142601_100953_132123d4/summary.json,/home/yangfp/SESpec/src/results/matrix_runs/20260503_050609/sespec_default/SV_COMP/gpt-5-mini/307/20260503_142601_100953_132123d4/foo307.c
input/weak/SV_COMP_308.c,SV_COMP,308,5,gpt-4o;gpt-5-mini;gpt-5-nano;gpt-5.4-mini;gpt-5.4-nano,5,weak_loop_invariant;final_value_not_determined;bounds_only,"The loop invariant only gives bounds on l and assigns clauses; it does not relate i,j,k,v1..v5 to the number of processed values, so it is far too weak to determine the loop’s full effect.",/home/yangfp/SESpec/src/input/SV_COMP/308.c,results/matrix_runs/20260503_050609/sespec_default/SV_COMP/gpt-5-mini/308/20260503_142742_100953_130938f1/summary.json,/home/yangfp/SESpec/src/results/matrix_runs/20260503_050609/sespec_default/SV_COMP/gpt-5-mini/308/20260503_142742_100953_130938f1/foo308.c
input/weak/SV_COMP_309.c,SV_COMP,309,5,gpt-4o;gpt-5-mini;gpt-5-nano;gpt-5.4-mini;gpt-5.4-nano,5,final_value_not_determined;weak_loop_invariant;bounds_only,"The loop invariants give only trivial bounds and frame information; they do not specify how j,i,k,v1..v6 relate to l, so the full loop effect and final state are not determined.",/home/yangfp/SESpec/src/input/SV_COMP/309.c,results/matrix_runs/20260503_050609/sespec_default/SV_COMP/gpt-5-mini/309/20260503_143026_100953_e2e7c49a/summary.json,/home/yangfp/SESpec/src/results/matrix_runs/20260503_050609/sespec_default/SV_COMP/gpt-5-mini/309/20260503_143026_100953_e2e7c49a/foo309.c
input/weak/SV_COMP_310.c,SV_COMP,310,5,gpt-4o;gpt-5-mini;gpt-5-nano;gpt-5.4-mini;gpt-5.4-nano,5,weak_loop_invariant;final_value_not_determined,"The loop invariants only state i==j and j==k, which do not determine the final values or full loop effect; many final states satisfy them, so the specification is too weak.",/home/yangfp/SESpec/src/input/SV_COMP/310.c,results/matrix_runs/20260503_050609/sespec_default/SV_COMP/gpt-5-mini/310/20260503_143242_100953_fa582812/summary.json,/home/yangfp/SESpec/src/results/matrix_runs/20260503_050609/sespec_default/SV_COMP/gpt-5-mini/310/20260503_143242_100953_fa582812/foo310.c
input/weak/SV_COMP_314.c,SV_COMP,314,5,gpt-4o;gpt-5-mini;gpt-5-nano;gpt-5.4-mini;gpt-5.4-nano,5,final_value_not_determined;weak_loop_invariant;bounds_only,"The loop invariants give only bounds on x; for negative n they do not determine the final value x==n, so they do not fully specify the loop's effect on the modified variable.",/home/yangfp/SESpec/src/input/SV_COMP/314.c,results/matrix_runs/20260503_050609/sespec_default/SV_COMP/gpt-5-mini/314/20260503_144002_100953_9d470798/summary.json,/home/yangfp/SESpec/src/results/matrix_runs/20260503_050609/sespec_default/SV_COMP/gpt-5-mini/314/20260503_144002_100953_9d470798/foo314.c
input/weak/SV_COMP_322.c,SV_COMP,322,5,gpt-4o;gpt-5-mini;gpt-5-nano;gpt-5.4-mini;gpt-5.4-nano,5,weak_loop_invariant;final_value_not_determined,"The loop invariants are far too weak: they only state nonnegativity/basic facts about c and do not characterize the reachable values or full effect of the loop on c, so the final semantics are not determined.",/home/yangfp/SESpec/src/input/SV_COMP/322.c,results/matrix_runs/20260503_050609/sespec_default/SV_COMP/gpt-5-mini/322/20260503_145238_100953_45a9ce91/summary.json,/home/yangfp/SESpec/src/results/matrix_runs/20260503_050609/sespec_default/SV_COMP/gpt-5-mini/322/20260503_145238_100953_45a9ce91/foo322.c
input/weak/SV_COMP_323.c,SV_COMP,323,5,gpt-4o;gpt-5-mini;gpt-5-nano;gpt-5.4-mini;gpt-5.4-nano,5,final_value_not_determined;weak_loop_invariant,"The loop invariants are far too weak: they only state nonnegativity/trivial existence facts about c and do not characterize the full effect of the loop on c, so the final semantics are not determined.",/home/yangfp/SESpec/src/input/SV_COMP/323.c,results/matrix_runs/20260503_050609/sespec_default/SV_COMP/gpt-5-mini/323/20260503_145402_100953_a4b7ea02/summary.json,/home/yangfp/SESpec/src/results/matrix_runs/20260503_050609/sespec_default/SV_COMP/gpt-5-mini/323/20260503_145402_100953_a4b7ea02/foo323.c
input/weak/SV_COMP_324.c,SV_COMP,324,5,gpt-4o;gpt-5-mini;gpt-5-nano;gpt-5.4-mini;gpt-5.4-nano,5,weak_loop_invariant;final_value_not_determined,"The loop invariants are far too weak and partly irrelevant; they do not characterize the actual effect on c (e.g. that c always remains 0), so the loop behavior is not completely specified.",/home/yangfp/SESpec/src/input/SV_COMP/324.c,results/matrix_runs/20260503_050609/sespec_default/SV_COMP/gpt-5-mini/324/20260503_145533_100953_24912bba/summary.json,/home/yangfp/SESpec/src/results/matrix_runs/20260503_050609/sespec_default/SV_COMP/gpt-5-mini/324/20260503_145533_100953_24912bba/foo324.c
input/weak/SV_COMP_325.c,SV_COMP,325,5,gpt-4o;gpt-5-mini;gpt-5-nano;gpt-5.4-mini;gpt-5.4-nano,5,weak_loop_invariant;final_value_not_determined,The loop invariant is vacuous (∃q. q>=0 and c>=0) and does not characterize the effect of the loop on c; it is not strong enough to determine the final state or full semantics.,/home/yangfp/SESpec/src/input/SV_COMP/325.c,results/matrix_runs/20260503_050609/sespec_default/SV_COMP/gpt-5-mini/325/20260503_145707_100953_e694f2d3/summary.json,/home/yangfp/SESpec/src/results/matrix_runs/20260503_050609/sespec_default/SV_COMP/gpt-5-mini/325/20260503_145707_100953_e694f2d3/foo325.c
input/weak/SV_COMP_327.c,SV_COMP,327,5,gpt-4o;gpt-5-mini;gpt-5-nano;gpt-5.4-mini;gpt-5.4-nano,5,weak_loop_invariant;final_value_not_determined,"The candidate provides no specification at all (no contract or loop invariant), so it does not describe the effect on modified variable c and is semantically incomplete.",/home/yangfp/SESpec/src/input/SV_COMP/327.c,results/matrix_runs/20260503_050609/sespec_default/SV_COMP/gpt-5-mini/327/20260503_145939_100953_9851120d/summary.json,/home/yangfp/SESpec/src/results/matrix_runs/20260503_050609/sespec_default/SV_COMP/gpt-5-mini/327/20260503_145939_100953_9851120d/foo327.c
input/weak/SV_COMP_329.c,SV_COMP,329,5,gpt-4o;gpt-5-mini;gpt-5-nano;gpt-5.4-mini;gpt-5.4-nano,5,final_value_not_determined;weak_loop_invariant;bounds_only,The loop invariant is far too weak: it only states a trivial implication about c being 0 and does not characterize the possible final values or full effect of the loop on c.,/home/yangfp/SESpec/src/input/SV_COMP/329.c,results/matrix_runs/20260503_050609/sespec_default/SV_COMP/gpt-5-mini/329/20260503_150248_100953_6a5a429c/summary.json,/home/yangfp/SESpec/src/results/matrix_runs/20260503_050609/sespec_default/SV_COMP/gpt-5-mini/329/20260503_150248_100953_6a5a429c/foo329.c
input/weak/SV_COMP_330.c,SV_COMP,330,5,gpt-4o;gpt-5-mini;gpt-5-nano;gpt-5.4-mini;gpt-5.4-nano,5,final_value_not_determined;weak_loop_invariant;bounds_only,"The loop invariants are far too weak: they only state c>=0 and a vacuous existential, which do not characterize the loop’s effect on c or determine the final possible values after the loop.",/home/yangfp/SESpec/src/input/SV_COMP/330.c,results/matrix_runs/20260503_050609/sespec_default/SV_COMP/gpt-5-mini/330/20260503_150421_100953_fb607062/summary.json,/home/yangfp/SESpec/src/results/matrix_runs/20260503_050609/sespec_default/SV_COMP/gpt-5-mini/330/20260503_150421_100953_fb607062/foo330.c
input/weak/SV_COMP_332.c,SV_COMP,332,5,gpt-4o;gpt-5-mini;gpt-5-nano;gpt-5.4-mini;gpt-5.4-nano,5,weak_loop_invariant;final_value_not_determined;bounds_only,"The loop invariants are too weak to determine the final effect on y: they do not relate y to the case split on z<=initial y and x/size, so the post-state is underspecified.",/home/yangfp/SESpec/src/input/SV_COMP/332.c,results/matrix_runs/20260503_050609/sespec_default/SV_COMP/gpt-5-mini/332/20260503_150802_100953_8cc46738/summary.json,/home/yangfp/SESpec/src/results/matrix_runs/20260503_050609/sespec_default/SV_COMP/gpt-5-mini/332/20260503_150802_100953_8cc46738/foo332.c
